filename,case,split
"D001_HE [d=5,x=49282,y=27673,w=2899,h=1652] [d=1,x=0,y=0,w=512,h=512]",D001,val
"D001_HE [d=5,x=49282,y=27673,w=2899,h=1652] [d=1,x=0,y=256,w=512,h=512]",D001,train
"D001_HE [d=5,x=49282,y=27673,w=2899,h=1652] [d=1,x=256,y=0,w=512,h=512]",D001,val
"D001_HE [d=5,x=49282,y=27673,w=2899,h=1652] [d=1,x=256,y=256,w=512,h=512]",D001,train
"D001_HE [d=5,x=49282,y=27673,w=2899,h=1652] [d=1,x=512,y=0,w=512,h=512]",D001,val
"D001_HE [d=5,x=49282,y=27673,w=2899,h=1652] [d=1,x=512,y=256,w=512,h=512]",D001,val
"D016_HE [d=5,x=39529,y=69545,w=5032,h=4653] [d=1,x=0,y=0,w=512,h=512]",D016,train
"D016_HE [d=5,x=39529,y=69545,w=5032,h=4653] [d=1,x=0,y=256,w=512,h=512]",D016,val
"D016_HE [d=5,x=39529,y=69545,w=5032,h=4653] [d=1,x=0,y=512,w=512,h=512]",D016,train
"D016_HE [d=5,x=39529,y=69545,w=5032,h=4653] [d=1,x=0,y=768,w=512,h=512]",D016,train
"D016_HE [d=5,x=39529,y=69545,w=5032,h=4653] [d=1,x=256,y=0,w=512,h=512]",D016,train
"D016_HE [d=5,x=39529,y=69545,w=5032,h=4653] [d=1,x=256,y=256,w=512,h=512]",D016,train
"D016_HE [d=5,x=39529,y=69545,w=5032,h=4653] [d=1,x=256,y=512,w=512,h=512]",D016,val
"D016_HE [d=5,x=39529,y=69545,w=5032,h=4653] [d=1,x=256,y=768,w=512,h=512]",D016,train
"D016_HE [d=5,x=39529,y=69545,w=5032,h=4653] [d=1,x=512,y=0,w=512,h=512]",D016,train
"D016_HE [d=5,x=39529,y=69545,w=5032,h=4653] [d=1,x=512,y=256,w=512,h=512]",D016,train
"D016_HE [d=5,x=39529,y=69545,w=5032,h=4653] [d=1,x=512,y=512,w=512,h=512]",D016,train
"D016_HE [d=5,x=39529,y=69545,w=5032,h=4653] [d=1,x=512,y=768,w=512,h=512]",D016,train
"D016_HE [d=5,x=39529,y=69545,w=5032,h=4653] [d=1,x=768,y=0,w=512,h=512]",D016,val
"D016_HE [d=5,x=39529,y=69545,w=5032,h=4653] [d=1,x=768,y=256,w=512,h=512]",D016,train
"D016_HE [d=5,x=39529,y=69545,w=5032,h=4653] [d=1,x=768,y=512,w=512,h=512]",D016,val
"D016_HE [d=5,x=39529,y=69545,w=5032,h=4653] [d=1,x=768,y=768,w=512,h=512]",D016,train
"D017_HE [d=5,x=26603,y=57077,w=9823,h=11032] [d=1,x=0,y=0,w=512,h=512]",D017,train
"D017_HE [d=5,x=26603,y=57077,w=9823,h=11032] [d=1,x=0,y=1024,w=512,h=512]",D017,train
"D017_HE [d=5,x=26603,y=57077,w=9823,h=11032] [d=1,x=0,y=1280,w=512,h=512]",D017,train
"D017_HE [d=5,x=26603,y=57077,w=9823,h=11032] [d=1,x=0,y=1536,w=512,h=512]",D017,val
"D017_HE [d=5,x=26603,y=57077,w=9823,h=11032] [d=1,x=0,y=1792,w=512,h=512]",D017,val
"D017_HE [d=5,x=26603,y=57077,w=9823,h=11032] [d=1,x=0,y=2048,w=512,h=512]",D017,train
"D017_HE [d=5,x=26603,y=57077,w=9823,h=11032] [d=1,x=0,y=256,w=512,h=512]",D017,val
"D017_HE [d=5,x=26603,y=57077,w=9823,h=11032] [d=1,x=0,y=512,w=512,h=512]",D017,train
"D017_HE [d=5,x=26603,y=57077,w=9823,h=11032] [d=1,x=0,y=768,w=512,h=512]",D017,train
"D017_HE [d=5,x=26603,y=57077,w=9823,h=11032] [d=1,x=1024,y=0,w=512,h=512]",D017,train
"D017_HE [d=5,x=26603,y=57077,w=9823,h=11032] [d=1,x=1024,y=1024,w=512,h=512]",D017,val
"D017_HE [d=5,x=26603,y=57077,w=9823,h=11032] [d=1,x=1024,y=1280,w=512,h=512]",D017,train
"D017_HE [d=5,x=26603,y=57077,w=9823,h=11032] [d=1,x=1024,y=1536,w=512,h=512]",D017,train
"D017_HE [d=5,x=26603,y=57077,w=9823,h=11032] [d=1,x=1024,y=1792,w=512,h=512]",D017,train
"D017_HE [d=5,x=26603,y=57077,w=9823,h=11032] [d=1,x=1024,y=2048,w=512,h=512]",D017,train
"D017_HE [d=5,x=26603,y=57077,w=9823,h=11032] [d=1,x=1024,y=256,w=512,h=512]",D017,train
"D017_HE [d=5,x=26603,y=57077,w=9823,h=11032] [d=1,x=1024,y=512,w=512,h=512]",D017,train
"D017_HE [d=5,x=26603,y=57077,w=9823,h=11032] [d=1,x=1024,y=768,w=512,h=512]",D017,val
"D017_HE [d=5,x=26603,y=57077,w=9823,h=11032] [d=1,x=1280,y=0,w=512,h=512]",D017,train
"D017_HE [d=5,x=26603,y=57077,w=9823,h=11032] [d=1,x=1280,y=1024,w=512,h=512]",D017,train
"D017_HE [d=5,x=26603,y=57077,w=9823,h=11032] [d=1,x=1280,y=1280,w=512,h=512]",D017,train
"D017_HE [d=5,x=26603,y=57077,w=9823,h=11032] [d=1,x=1280,y=1536,w=512,h=512]",D017,train
"D017_HE [d=5,x=26603,y=57077,w=9823,h=11032] [d=1,x=1280,y=1792,w=512,h=512]",D017,train
"D017_HE [d=5,x=26603,y=57077,w=9823,h=11032] [d=1,x=1280,y=2048,w=512,h=512]",D017,train
"D017_HE [d=5,x=26603,y=57077,w=9823,h=11032] [d=1,x=1280,y=256,w=512,h=512]",D017,train
"D017_HE [d=5,x=26603,y=57077,w=9823,h=11032] [d=1,x=1280,y=512,w=512,h=512]",D017,train
"D017_HE [d=5,x=26603,y=57077,w=9823,h=11032] [d=1,x=1280,y=768,w=512,h=512]",D017,train
"D017_HE [d=5,x=26603,y=57077,w=9823,h=11032] [d=1,x=1536,y=0,w=512,h=512]",D017,val
"D017_HE [d=5,x=26603,y=57077,w=9823,h=11032] [d=1,x=1536,y=1024,w=512,h=512]",D017,train
"D017_HE [d=5,x=26603,y=57077,w=9823,h=11032] [d=1,x=1536,y=1280,w=512,h=512]",D017,val
"D017_HE [d=5,x=26603,y=57077,w=9823,h=11032] [d=1,x=1536,y=1536,w=512,h=512]",D017,val
"D017_HE [d=5,x=26603,y=57077,w=9823,h=11032] [d=1,x=1536,y=1792,w=512,h=512]",D017,train
"D017_HE [d=5,x=26603,y=57077,w=9823,h=11032] [d=1,x=1536,y=2048,w=512,h=512]",D017,train
"D017_HE [d=5,x=26603,y=57077,w=9823,h=11032] [d=1,x=1536,y=256,w=512,h=512]",D017,train
"D017_HE [d=5,x=26603,y=57077,w=9823,h=11032] [d=1,x=1536,y=512,w=512,h=512]",D017,train
"D017_HE [d=5,x=26603,y=57077,w=9823,h=11032] [d=1,x=1536,y=768,w=512,h=512]",D017,val
"D017_HE [d=5,x=26603,y=57077,w=9823,h=11032] [d=1,x=1792,y=0,w=512,h=512]",D017,train
"D017_HE [d=5,x=26603,y=57077,w=9823,h=11032] [d=1,x=1792,y=1024,w=512,h=512]",D017,train
"D017_HE [d=5,x=26603,y=57077,w=9823,h=11032] [d=1,x=1792,y=1280,w=512,h=512]",D017,val
"D017_HE [d=5,x=26603,y=57077,w=9823,h=11032] [d=1,x=1792,y=1536,w=512,h=512]",D017,train
"D017_HE [d=5,x=26603,y=57077,w=9823,h=11032] [d=1,x=1792,y=1792,w=512,h=512]",D017,train
"D017_HE [d=5,x=26603,y=57077,w=9823,h=11032] [d=1,x=1792,y=2048,w=512,h=512]",D017,train
"D017_HE [d=5,x=26603,y=57077,w=9823,h=11032] [d=1,x=1792,y=256,w=512,h=512]",D017,train
"D017_HE [d=5,x=26603,y=57077,w=9823,h=11032] [d=1,x=1792,y=512,w=512,h=512]",D017,val
"D017_HE [d=5,x=26603,y=57077,w=9823,h=11032] [d=1,x=1792,y=768,w=512,h=512]",D017,train
"D017_HE [d=5,x=26603,y=57077,w=9823,h=11032] [d=1,x=256,y=0,w=512,h=512]",D017,train
"D017_HE [d=5,x=26603,y=57077,w=9823,h=11032] [d=1,x=256,y=1024,w=512,h=512]",D017,train
"D017_HE [d=5,x=26603,y=57077,w=9823,h=11032] [d=1,x=256,y=1280,w=512,h=512]",D017,val
"D017_HE [d=5,x=26603,y=57077,w=9823,h=11032] [d=1,x=256,y=1536,w=512,h=512]",D017,train
"D017_HE [d=5,x=26603,y=57077,w=9823,h=11032] [d=1,x=256,y=1792,w=512,h=512]",D017,train
"D017_HE [d=5,x=26603,y=57077,w=9823,h=11032] [d=1,x=256,y=2048,w=512,h=512]",D017,train
"D017_HE [d=5,x=26603,y=57077,w=9823,h=11032] [d=1,x=256,y=256,w=512,h=512]",D017,train
"D017_HE [d=5,x=26603,y=57077,w=9823,h=11032] [d=1,x=256,y=512,w=512,h=512]",D017,train
"D017_HE [d=5,x=26603,y=57077,w=9823,h=11032] [d=1,x=256,y=768,w=512,h=512]",D017,train
"D017_HE [d=5,x=26603,y=57077,w=9823,h=11032] [d=1,x=512,y=0,w=512,h=512]",D017,train
"D017_HE [d=5,x=26603,y=57077,w=9823,h=11032] [d=1,x=512,y=1024,w=512,h=512]",D017,train
"D017_HE [d=5,x=26603,y=57077,w=9823,h=11032] [d=1,x=512,y=1280,w=512,h=512]",D017,train
"D017_HE [d=5,x=26603,y=57077,w=9823,h=11032] [d=1,x=512,y=1536,w=512,h=512]",D017,train
"D017_HE [d=5,x=26603,y=57077,w=9823,h=11032] [d=1,x=512,y=1792,w=512,h=512]",D017,train
"D017_HE [d=5,x=26603,y=57077,w=9823,h=11032] [d=1,x=512,y=2048,w=512,h=512]",D017,val
"D017_HE [d=5,x=26603,y=57077,w=9823,h=11032] [d=1,x=512,y=256,w=512,h=512]",D017,train
"D017_HE [d=5,x=26603,y=57077,w=9823,h=11032] [d=1,x=512,y=512,w=512,h=512]",D017,train
"D017_HE [d=5,x=26603,y=57077,w=9823,h=11032] [d=1,x=512,y=768,w=512,h=512]",D017,train
"D017_HE [d=5,x=26603,y=57077,w=9823,h=11032] [d=1,x=768,y=0,w=512,h=512]",D017,train
"D017_HE [d=5,x=26603,y=57077,w=9823,h=11032] [d=1,x=768,y=1024,w=512,h=512]",D017,train
"D017_HE [d=5,x=26603,y=57077,w=9823,h=11032] [d=1,x=768,y=1280,w=512,h=512]",D017,train
"D017_HE [d=5,x=26603,y=57077,w=9823,h=11032] [d=1,x=768,y=1536,w=512,h=512]",D017,train
"D017_HE [d=5,x=26603,y=57077,w=9823,h=11032] [d=1,x=768,y=1792,w=512,h=512]",D017,train
"D017_HE [d=5,x=26603,y=57077,w=9823,h=11032] [d=1,x=768,y=2048,w=512,h=512]",D017,train
"D017_HE [d=5,x=26603,y=57077,w=9823,h=11032] [d=1,x=768,y=256,w=512,h=512]",D017,train
"D017_HE [d=5,x=26603,y=57077,w=9823,h=11032] [d=1,x=768,y=512,w=512,h=512]",D017,train
"D017_HE [d=5,x=26603,y=57077,w=9823,h=11032] [d=1,x=768,y=768,w=512,h=512]",D017,val
"D01_HE [d=5,x=16018,y=42098,w=4520,h=5000] [d=1,x=0,y=0,w=512,h=512]",D001,train
"D01_HE [d=5,x=16018,y=42098,w=4520,h=5000] [d=1,x=0,y=256,w=512,h=512]",D001,val
"D01_HE [d=5,x=16018,y=42098,w=4520,h=5000] [d=1,x=0,y=512,w=512,h=512]",D001,train
"D01_HE [d=5,x=16018,y=42098,w=4520,h=5000] [d=1,x=0,y=768,w=512,h=512]",D001,train
"D01_HE [d=5,x=16018,y=42098,w=4520,h=5000] [d=1,x=256,y=0,w=512,h=512]",D001,train
"D01_HE [d=5,x=16018,y=42098,w=4520,h=5000] [d=1,x=256,y=256,w=512,h=512]",D001,train
"D01_HE [d=5,x=16018,y=42098,w=4520,h=5000] [d=1,x=256,y=512,w=512,h=512]",D001,train
"D01_HE [d=5,x=16018,y=42098,w=4520,h=5000] [d=1,x=256,y=768,w=512,h=512]",D001,train
"D01_HE [d=5,x=16018,y=42098,w=4520,h=5000] [d=1,x=512,y=0,w=512,h=512]",D001,train
"D01_HE [d=5,x=16018,y=42098,w=4520,h=5000] [d=1,x=512,y=256,w=512,h=512]",D001,train
"D01_HE [d=5,x=16018,y=42098,w=4520,h=5000] [d=1,x=512,y=512,w=512,h=512]",D001,train
"D01_HE [d=5,x=16018,y=42098,w=4520,h=5000] [d=1,x=512,y=768,w=512,h=512]",D001,train
"D01_HE [d=5,x=16018,y=42098,w=4520,h=5000] [d=1,x=768,y=0,w=512,h=512]",D001,val
"D01_HE [d=5,x=16018,y=42098,w=4520,h=5000] [d=1,x=768,y=256,w=512,h=512]",D001,train
"D01_HE [d=5,x=16018,y=42098,w=4520,h=5000] [d=1,x=768,y=512,w=512,h=512]",D001,train
"D01_HE [d=5,x=16018,y=42098,w=4520,h=5000] [d=1,x=768,y=768,w=512,h=512]",D001,train
"D01_HE [d=5,x=30197,y=69434,w=4066,h=4031] [d=1,x=0,y=0,w=512,h=512]",D001,train
"D01_HE [d=5,x=30197,y=69434,w=4066,h=4031] [d=1,x=0,y=256,w=512,h=512]",D001,train
"D01_HE [d=5,x=30197,y=69434,w=4066,h=4031] [d=1,x=0,y=512,w=512,h=512]",D001,val
"D01_HE [d=5,x=30197,y=69434,w=4066,h=4031] [d=1,x=0,y=768,w=512,h=512]",D001,train
"D01_HE [d=5,x=30197,y=69434,w=4066,h=4031] [d=1,x=256,y=0,w=512,h=512]",D001,train
"D01_HE [d=5,x=30197,y=69434,w=4066,h=4031] [d=1,x=256,y=256,w=512,h=512]",D001,train
"D01_HE [d=5,x=30197,y=69434,w=4066,h=4031] [d=1,x=256,y=512,w=512,h=512]",D001,train
"D01_HE [d=5,x=30197,y=69434,w=4066,h=4031] [d=1,x=256,y=768,w=512,h=512]",D001,train
"D01_HE [d=5,x=30197,y=69434,w=4066,h=4031] [d=1,x=512,y=0,w=512,h=512]",D001,train
"D01_HE [d=5,x=30197,y=69434,w=4066,h=4031] [d=1,x=512,y=256,w=512,h=512]",D001,train
"D01_HE [d=5,x=30197,y=69434,w=4066,h=4031] [d=1,x=512,y=512,w=512,h=512]",D001,train
"D01_HE [d=5,x=30197,y=69434,w=4066,h=4031] [d=1,x=512,y=768,w=512,h=512]",D001,train
"D01_HE [d=5,x=30197,y=69434,w=4066,h=4031] [d=1,x=768,y=0,w=512,h=512]",D001,train
"D01_HE [d=5,x=30197,y=69434,w=4066,h=4031] [d=1,x=768,y=256,w=512,h=512]",D001,train
"D01_HE [d=5,x=30197,y=69434,w=4066,h=4031] [d=1,x=768,y=512,w=512,h=512]",D001,train
"D01_HE [d=5,x=30197,y=69434,w=4066,h=4031] [d=1,x=768,y=768,w=512,h=512]",D001,train
"D01_HE [d=5,x=33617,y=61859,w=1055,h=1397] [d=1,x=0,y=0,w=512,h=512]",D001,train
"D01_HE [d=5,x=33617,y=61859,w=1055,h=1397] [d=1,x=0,y=256,w=512,h=512]",D001,val
"D01_HE [d=5,x=40854,y=18985,w=2418,h=4093] [d=1,x=0,y=0,w=512,h=512]",D001,val
"D01_HE [d=5,x=40854,y=18985,w=2418,h=4093] [d=1,x=0,y=256,w=512,h=512]",D001,train
"D01_HE [d=5,x=40854,y=18985,w=2418,h=4093] [d=1,x=0,y=512,w=512,h=512]",D001,train
"D01_HE [d=5,x=40854,y=18985,w=2418,h=4093] [d=1,x=0,y=768,w=512,h=512]",D001,train
"D01_HE [d=5,x=40854,y=18985,w=2418,h=4093] [d=1,x=256,y=0,w=512,h=512]",D001,train
"D01_HE [d=5,x=40854,y=18985,w=2418,h=4093] [d=1,x=256,y=256,w=512,h=512]",D001,train
"D01_HE [d=5,x=40854,y=18985,w=2418,h=4093] [d=1,x=256,y=512,w=512,h=512]",D001,val
"D01_HE [d=5,x=40854,y=18985,w=2418,h=4093] [d=1,x=256,y=768,w=512,h=512]",D001,train
"D01_HE [d=5,x=42146,y=40099,w=4632,h=5551] [d=1,x=0,y=0,w=512,h=512]",D001,train
"D01_HE [d=5,x=42146,y=40099,w=4632,h=5551] [d=1,x=0,y=1024,w=512,h=512]",D001,train
"D01_HE [d=5,x=42146,y=40099,w=4632,h=5551] [d=1,x=0,y=256,w=512,h=512]",D001,val
"D01_HE [d=5,x=42146,y=40099,w=4632,h=5551] [d=1,x=0,y=512,w=512,h=512]",D001,train
"D01_HE [d=5,x=42146,y=40099,w=4632,h=5551] [d=1,x=0,y=768,w=512,h=512]",D001,train
"D01_HE [d=5,x=42146,y=40099,w=4632,h=5551] [d=1,x=256,y=0,w=512,h=512]",D001,train
"D01_HE [d=5,x=42146,y=40099,w=4632,h=5551] [d=1,x=256,y=1024,w=512,h=512]",D001,train
"D01_HE [d=5,x=42146,y=40099,w=4632,h=5551] [d=1,x=256,y=256,w=512,h=512]",D001,train
"D01_HE [d=5,x=42146,y=40099,w=4632,h=5551] [d=1,x=256,y=512,w=512,h=512]",D001,train
"D01_HE [d=5,x=42146,y=40099,w=4632,h=5551] [d=1,x=256,y=768,w=512,h=512]",D001,val
"D01_HE [d=5,x=42146,y=40099,w=4632,h=5551] [d=1,x=512,y=0,w=512,h=512]",D001,train
"D01_HE [d=5,x=42146,y=40099,w=4632,h=5551] [d=1,x=512,y=1024,w=512,h=512]",D001,train
"D01_HE [d=5,x=42146,y=40099,w=4632,h=5551] [d=1,x=512,y=256,w=512,h=512]",D001,train
"D01_HE [d=5,x=42146,y=40099,w=4632,h=5551] [d=1,x=512,y=512,w=512,h=512]",D001,train
"D01_HE [d=5,x=42146,y=40099,w=4632,h=5551] [d=1,x=512,y=768,w=512,h=512]",D001,val
"D01_HE [d=5,x=42146,y=40099,w=4632,h=5551] [d=1,x=768,y=0,w=512,h=512]",D001,train
"D01_HE [d=5,x=42146,y=40099,w=4632,h=5551] [d=1,x=768,y=1024,w=512,h=512]",D001,train
"D01_HE [d=5,x=42146,y=40099,w=4632,h=5551] [d=1,x=768,y=256,w=512,h=512]",D001,train
"D01_HE [d=5,x=42146,y=40099,w=4632,h=5551] [d=1,x=768,y=512,w=512,h=512]",D001,val
"D01_HE [d=5,x=42146,y=40099,w=4632,h=5551] [d=1,x=768,y=768,w=512,h=512]",D001,train
"D01_HE [d=5,x=44608,y=61923,w=2449,h=2964] [d=1,x=0,y=0,w=512,h=512]",D001,train
"D01_HE [d=5,x=44608,y=61923,w=2449,h=2964] [d=1,x=0,y=256,w=512,h=512]",D001,val
"D01_HE [d=5,x=44608,y=61923,w=2449,h=2964] [d=1,x=0,y=512,w=512,h=512]",D001,train
"D01_HE [d=5,x=44608,y=61923,w=2449,h=2964] [d=1,x=256,y=0,w=512,h=512]",D001,val
"D01_HE [d=5,x=44608,y=61923,w=2449,h=2964] [d=1,x=256,y=256,w=512,h=512]",D001,train
"D01_HE [d=5,x=44608,y=61923,w=2449,h=2964] [d=1,x=256,y=512,w=512,h=512]",D001,train
"D01_HE [d=5,x=45052,y=31497,w=3285,h=3945] [d=1,x=0,y=0,w=512,h=512]",D001,train
"D01_HE [d=5,x=45052,y=31497,w=3285,h=3945] [d=1,x=0,y=256,w=512,h=512]",D001,train
"D01_HE [d=5,x=45052,y=31497,w=3285,h=3945] [d=1,x=0,y=512,w=512,h=512]",D001,train
"D01_HE [d=5,x=45052,y=31497,w=3285,h=3945] [d=1,x=0,y=768,w=512,h=512]",D001,train
"D01_HE [d=5,x=45052,y=31497,w=3285,h=3945] [d=1,x=256,y=0,w=512,h=512]",D001,train
"D01_HE [d=5,x=45052,y=31497,w=3285,h=3945] [d=1,x=256,y=256,w=512,h=512]",D001,train
"D01_HE [d=5,x=45052,y=31497,w=3285,h=3945] [d=1,x=256,y=512,w=512,h=512]",D001,train
"D01_HE [d=5,x=45052,y=31497,w=3285,h=3945] [d=1,x=256,y=768,w=512,h=512]",D001,train
"D01_HE [d=5,x=45052,y=31497,w=3285,h=3945] [d=1,x=512,y=0,w=512,h=512]",D001,val
"D01_HE [d=5,x=45052,y=31497,w=3285,h=3945] [d=1,x=512,y=256,w=512,h=512]",D001,train
"D01_HE [d=5,x=45052,y=31497,w=3285,h=3945] [d=1,x=512,y=512,w=512,h=512]",D001,val
"D01_HE [d=5,x=45052,y=31497,w=3285,h=3945] [d=1,x=512,y=768,w=512,h=512]",D001,train
"D01_HE [d=5,x=45743,y=24086,w=2764,h=3708] [d=1,x=0,y=0,w=512,h=512]",D001,train
"D01_HE [d=5,x=45743,y=24086,w=2764,h=3708] [d=1,x=0,y=256,w=512,h=512]",D001,train
"D01_HE [d=5,x=45743,y=24086,w=2764,h=3708] [d=1,x=0,y=512,w=512,h=512]",D001,val
"D01_HE [d=5,x=45743,y=24086,w=2764,h=3708] [d=1,x=256,y=0,w=512,h=512]",D001,train
"D01_HE [d=5,x=45743,y=24086,w=2764,h=3708] [d=1,x=256,y=256,w=512,h=512]",D001,train
"D01_HE [d=5,x=45743,y=24086,w=2764,h=3708] [d=1,x=256,y=512,w=512,h=512]",D001,train
"D01_HE [d=5,x=45743,y=24086,w=2764,h=3708] [d=1,x=512,y=0,w=512,h=512]",D001,train
"D01_HE [d=5,x=45743,y=24086,w=2764,h=3708] [d=1,x=512,y=256,w=512,h=512]",D001,train
"D01_HE [d=5,x=45743,y=24086,w=2764,h=3708] [d=1,x=512,y=512,w=512,h=512]",D001,train
"D01_HE [d=5,x=46211,y=31661,w=1809,h=2112] [d=1,x=0,y=0,w=512,h=512]",D001,train
"D01_HE [d=5,x=46211,y=31661,w=1809,h=2112] [d=1,x=0,y=256,w=512,h=512]",D001,train
"D01_HE [d=5,x=46211,y=31661,w=1809,h=2112] [d=1,x=256,y=0,w=512,h=512]",D001,train
"D01_HE [d=5,x=46211,y=31661,w=1809,h=2112] [d=1,x=256,y=256,w=512,h=512]",D001,train
"D01_HE [d=5,x=46587,y=27585,w=4635,h=3571] [d=1,x=0,y=0,w=512,h=512]",D001,train
"D01_HE [d=5,x=46587,y=27585,w=4635,h=3571] [d=1,x=0,y=256,w=512,h=512]",D001,train
"D01_HE [d=5,x=46587,y=27585,w=4635,h=3571] [d=1,x=0,y=512,w=512,h=512]",D001,val
"D01_HE [d=5,x=46587,y=27585,w=4635,h=3571] [d=1,x=256,y=0,w=512,h=512]",D001,val
"D01_HE [d=5,x=46587,y=27585,w=4635,h=3571] [d=1,x=256,y=256,w=512,h=512]",D001,train
"D01_HE [d=5,x=46587,y=27585,w=4635,h=3571] [d=1,x=256,y=512,w=512,h=512]",D001,train
"D01_HE [d=5,x=46587,y=27585,w=4635,h=3571] [d=1,x=512,y=0,w=512,h=512]",D001,train
"D01_HE [d=5,x=46587,y=27585,w=4635,h=3571] [d=1,x=512,y=256,w=512,h=512]",D001,train
"D01_HE [d=5,x=46587,y=27585,w=4635,h=3571] [d=1,x=512,y=512,w=512,h=512]",D001,train
"D01_HE [d=5,x=46587,y=27585,w=4635,h=3571] [d=1,x=768,y=0,w=512,h=512]",D001,val
"D01_HE [d=5,x=46587,y=27585,w=4635,h=3571] [d=1,x=768,y=256,w=512,h=512]",D001,train
"D01_HE [d=5,x=46587,y=27585,w=4635,h=3571] [d=1,x=768,y=512,w=512,h=512]",D001,train
"D01_HE [d=5,x=50236,y=30735,w=2628,h=3164] [d=1,x=0,y=0,w=512,h=512]",D001,train
"D01_HE [d=5,x=50236,y=30735,w=2628,h=3164] [d=1,x=0,y=256,w=512,h=512]",D001,train
"D01_HE [d=5,x=50236,y=30735,w=2628,h=3164] [d=1,x=0,y=512,w=512,h=512]",D001,train
"D01_HE [d=5,x=50236,y=30735,w=2628,h=3164] [d=1,x=256,y=0,w=512,h=512]",D001,train
"D01_HE [d=5,x=50236,y=30735,w=2628,h=3164] [d=1,x=256,y=256,w=512,h=512]",D001,train
"D01_HE [d=5,x=50236,y=30735,w=2628,h=3164] [d=1,x=256,y=512,w=512,h=512]",D001,train
"D01_HE [d=5,x=50236,y=30735,w=2628,h=3164] [d=1,x=512,y=0,w=512,h=512]",D001,train
"D01_HE [d=5,x=50236,y=30735,w=2628,h=3164] [d=1,x=512,y=256,w=512,h=512]",D001,train
"D01_HE [d=5,x=50236,y=30735,w=2628,h=3164] [d=1,x=512,y=512,w=512,h=512]",D001,train
"D01_HE [d=5,x=60754,y=23580,w=2612,h=3217] [d=1,x=0,y=0,w=512,h=512]",D001,train
"D01_HE [d=5,x=60754,y=23580,w=2612,h=3217] [d=1,x=0,y=256,w=512,h=512]",D001,val
"D01_HE [d=5,x=60754,y=23580,w=2612,h=3217] [d=1,x=0,y=512,w=512,h=512]",D001,train
"D01_HE [d=5,x=60754,y=23580,w=2612,h=3217] [d=1,x=256,y=0,w=512,h=512]",D001,train
"D01_HE [d=5,x=60754,y=23580,w=2612,h=3217] [d=1,x=256,y=256,w=512,h=512]",D001,train
"D01_HE [d=5,x=60754,y=23580,w=2612,h=3217] [d=1,x=256,y=512,w=512,h=512]",D001,train
"D01_HE [d=5,x=60754,y=23580,w=2612,h=3217] [d=1,x=512,y=0,w=512,h=512]",D001,train
"D01_HE [d=5,x=60754,y=23580,w=2612,h=3217] [d=1,x=512,y=256,w=512,h=512]",D001,train
"D01_HE [d=5,x=60754,y=23580,w=2612,h=3217] [d=1,x=512,y=512,w=512,h=512]",D001,train
"D01_HE [d=5,x=62515,y=20025,w=3926,h=4232] [d=1,x=0,y=0,w=512,h=512]",D001,train
"D01_HE [d=5,x=62515,y=20025,w=3926,h=4232] [d=1,x=0,y=256,w=512,h=512]",D001,val
"D01_HE [d=5,x=62515,y=20025,w=3926,h=4232] [d=1,x=0,y=512,w=512,h=512]",D001,train
"D01_HE [d=5,x=62515,y=20025,w=3926,h=4232] [d=1,x=0,y=768,w=512,h=512]",D001,val
"D01_HE [d=5,x=62515,y=20025,w=3926,h=4232] [d=1,x=256,y=0,w=512,h=512]",D001,val
"D01_HE [d=5,x=62515,y=20025,w=3926,h=4232] [d=1,x=256,y=256,w=512,h=512]",D001,val
"D01_HE [d=5,x=62515,y=20025,w=3926,h=4232] [d=1,x=256,y=512,w=512,h=512]",D001,train
"D01_HE [d=5,x=62515,y=20025,w=3926,h=4232] [d=1,x=256,y=768,w=512,h=512]",D001,val
"D01_HE [d=5,x=62515,y=20025,w=3926,h=4232] [d=1,x=512,y=0,w=512,h=512]",D001,train
"D01_HE [d=5,x=62515,y=20025,w=3926,h=4232] [d=1,x=512,y=256,w=512,h=512]",D001,val
"D01_HE [d=5,x=62515,y=20025,w=3926,h=4232] [d=1,x=512,y=512,w=512,h=512]",D001,train
"D01_HE [d=5,x=62515,y=20025,w=3926,h=4232] [d=1,x=512,y=768,w=512,h=512]",D001,val
"D01_HE [d=5,x=62515,y=20025,w=3926,h=4232] [d=1,x=768,y=0,w=512,h=512]",D001,train
"D01_HE [d=5,x=62515,y=20025,w=3926,h=4232] [d=1,x=768,y=256,w=512,h=512]",D001,train
"D01_HE [d=5,x=62515,y=20025,w=3926,h=4232] [d=1,x=768,y=512,w=512,h=512]",D001,train
"D01_HE [d=5,x=62515,y=20025,w=3926,h=4232] [d=1,x=768,y=768,w=512,h=512]",D001,train
"D01_HE [d=5,x=67924,y=17326,w=2834,h=3675] [d=1,x=0,y=0,w=512,h=512]",D001,val
"D01_HE [d=5,x=67924,y=17326,w=2834,h=3675] [d=1,x=0,y=256,w=512,h=512]",D001,val
"D01_HE [d=5,x=67924,y=17326,w=2834,h=3675] [d=1,x=0,y=512,w=512,h=512]",D001,train
"D01_HE [d=5,x=67924,y=17326,w=2834,h=3675] [d=1,x=256,y=0,w=512,h=512]",D001,train
"D01_HE [d=5,x=67924,y=17326,w=2834,h=3675] [d=1,x=256,y=256,w=512,h=512]",D001,train
"D01_HE [d=5,x=67924,y=17326,w=2834,h=3675] [d=1,x=256,y=512,w=512,h=512]",D001,train
"D01_HE [d=5,x=67924,y=17326,w=2834,h=3675] [d=1,x=512,y=0,w=512,h=512]",D001,train
"D01_HE [d=5,x=67924,y=17326,w=2834,h=3675] [d=1,x=512,y=256,w=512,h=512]",D001,train
"D01_HE [d=5,x=67924,y=17326,w=2834,h=3675] [d=1,x=512,y=512,w=512,h=512]",D001,train
"D01_HE [d=5,x=68685,y=27769,w=2833,h=3680] [d=1,x=0,y=0,w=512,h=512]",D001,train
"D01_HE [d=5,x=68685,y=27769,w=2833,h=3680] [d=1,x=0,y=256,w=512,h=512]",D001,train
"D01_HE [d=5,x=68685,y=27769,w=2833,h=3680] [d=1,x=0,y=512,w=512,h=512]",D001,val
"D01_HE [d=5,x=68685,y=27769,w=2833,h=3680] [d=1,x=256,y=0,w=512,h=512]",D001,train
"D01_HE [d=5,x=68685,y=27769,w=2833,h=3680] [d=1,x=256,y=256,w=512,h=512]",D001,train
"D01_HE [d=5,x=68685,y=27769,w=2833,h=3680] [d=1,x=256,y=512,w=512,h=512]",D001,train
"D01_HE [d=5,x=68685,y=27769,w=2833,h=3680] [d=1,x=512,y=0,w=512,h=512]",D001,train
"D01_HE [d=5,x=68685,y=27769,w=2833,h=3680] [d=1,x=512,y=256,w=512,h=512]",D001,train
"D01_HE [d=5,x=68685,y=27769,w=2833,h=3680] [d=1,x=512,y=512,w=512,h=512]",D001,val
"D022_HE [d=5,x=56509,y=69242,w=11195,h=10913] [d=1,x=0,y=0,w=512,h=512]",D022,train
"D022_HE [d=5,x=56509,y=69242,w=11195,h=10913] [d=1,x=0,y=1024,w=512,h=512]",D022,train
"D022_HE [d=5,x=56509,y=69242,w=11195,h=10913] [d=1,x=0,y=1280,w=512,h=512]",D022,train
"D022_HE [d=5,x=56509,y=69242,w=11195,h=10913] [d=1,x=0,y=1536,w=512,h=512]",D022,val
"D022_HE [d=5,x=56509,y=69242,w=11195,h=10913] [d=1,x=0,y=1792,w=512,h=512]",D022,train
"D022_HE [d=5,x=56509,y=69242,w=11195,h=10913] [d=1,x=0,y=2048,w=512,h=512]",D022,train
"D022_HE [d=5,x=56509,y=69242,w=11195,h=10913] [d=1,x=0,y=256,w=512,h=512]",D022,train
"D022_HE [d=5,x=56509,y=69242,w=11195,h=10913] [d=1,x=0,y=512,w=512,h=512]",D022,train
"D022_HE [d=5,x=56509,y=69242,w=11195,h=10913] [d=1,x=0,y=768,w=512,h=512]",D022,train
"D022_HE [d=5,x=56509,y=69242,w=11195,h=10913] [d=1,x=1024,y=0,w=512,h=512]",D022,train
"D022_HE [d=5,x=56509,y=69242,w=11195,h=10913] [d=1,x=1024,y=1024,w=512,h=512]",D022,train
"D022_HE [d=5,x=56509,y=69242,w=11195,h=10913] [d=1,x=1024,y=1280,w=512,h=512]",D022,train
"D022_HE [d=5,x=56509,y=69242,w=11195,h=10913] [d=1,x=1024,y=1536,w=512,h=512]",D022,train
"D022_HE [d=5,x=56509,y=69242,w=11195,h=10913] [d=1,x=1024,y=1792,w=512,h=512]",D022,train
"D022_HE [d=5,x=56509,y=69242,w=11195,h=10913] [d=1,x=1024,y=2048,w=512,h=512]",D022,train
"D022_HE [d=5,x=56509,y=69242,w=11195,h=10913] [d=1,x=1024,y=256,w=512,h=512]",D022,train
"D022_HE [d=5,x=56509,y=69242,w=11195,h=10913] [d=1,x=1024,y=512,w=512,h=512]",D022,train
"D022_HE [d=5,x=56509,y=69242,w=11195,h=10913] [d=1,x=1024,y=768,w=512,h=512]",D022,train
"D022_HE [d=5,x=56509,y=69242,w=11195,h=10913] [d=1,x=1280,y=0,w=512,h=512]",D022,train
"D022_HE [d=5,x=56509,y=69242,w=11195,h=10913] [d=1,x=1280,y=1024,w=512,h=512]",D022,train
"D022_HE [d=5,x=56509,y=69242,w=11195,h=10913] [d=1,x=1280,y=1280,w=512,h=512]",D022,train
"D022_HE [d=5,x=56509,y=69242,w=11195,h=10913] [d=1,x=1280,y=1536,w=512,h=512]",D022,train
"D022_HE [d=5,x=56509,y=69242,w=11195,h=10913] [d=1,x=1280,y=1792,w=512,h=512]",D022,train
"D022_HE [d=5,x=56509,y=69242,w=11195,h=10913] [d=1,x=1280,y=2048,w=512,h=512]",D022,train
"D022_HE [d=5,x=56509,y=69242,w=11195,h=10913] [d=1,x=1280,y=256,w=512,h=512]",D022,train
"D022_HE [d=5,x=56509,y=69242,w=11195,h=10913] [d=1,x=1280,y=512,w=512,h=512]",D022,train
"D022_HE [d=5,x=56509,y=69242,w=11195,h=10913] [d=1,x=1280,y=768,w=512,h=512]",D022,train
"D022_HE [d=5,x=56509,y=69242,w=11195,h=10913] [d=1,x=1536,y=0,w=512,h=512]",D022,train
"D022_HE [d=5,x=56509,y=69242,w=11195,h=10913] [d=1,x=1536,y=1024,w=512,h=512]",D022,val
"D022_HE [d=5,x=56509,y=69242,w=11195,h=10913] [d=1,x=1536,y=1280,w=512,h=512]",D022,train
"D022_HE [d=5,x=56509,y=69242,w=11195,h=10913] [d=1,x=1536,y=1536,w=512,h=512]",D022,val
"D022_HE [d=5,x=56509,y=69242,w=11195,h=10913] [d=1,x=1536,y=1792,w=512,h=512]",D022,train
"D022_HE [d=5,x=56509,y=69242,w=11195,h=10913] [d=1,x=1536,y=2048,w=512,h=512]",D022,train
"D022_HE [d=5,x=56509,y=69242,w=11195,h=10913] [d=1,x=1536,y=256,w=512,h=512]",D022,train
"D022_HE [d=5,x=56509,y=69242,w=11195,h=10913] [d=1,x=1536,y=512,w=512,h=512]",D022,train
"D022_HE [d=5,x=56509,y=69242,w=11195,h=10913] [d=1,x=1536,y=768,w=512,h=512]",D022,train
"D022_HE [d=5,x=56509,y=69242,w=11195,h=10913] [d=1,x=1792,y=0,w=512,h=512]",D022,train
"D022_HE [d=5,x=56509,y=69242,w=11195,h=10913] [d=1,x=1792,y=1024,w=512,h=512]",D022,train
"D022_HE [d=5,x=56509,y=69242,w=11195,h=10913] [d=1,x=1792,y=1280,w=512,h=512]",D022,train
"D022_HE [d=5,x=56509,y=69242,w=11195,h=10913] [d=1,x=1792,y=1536,w=512,h=512]",D022,train
"D022_HE [d=5,x=56509,y=69242,w=11195,h=10913] [d=1,x=1792,y=1792,w=512,h=512]",D022,val
"D022_HE [d=5,x=56509,y=69242,w=11195,h=10913] [d=1,x=1792,y=2048,w=512,h=512]",D022,train
"D022_HE [d=5,x=56509,y=69242,w=11195,h=10913] [d=1,x=1792,y=256,w=512,h=512]",D022,train
"D022_HE [d=5,x=56509,y=69242,w=11195,h=10913] [d=1,x=1792,y=512,w=512,h=512]",D022,val
"D022_HE [d=5,x=56509,y=69242,w=11195,h=10913] [d=1,x=1792,y=768,w=512,h=512]",D022,train
"D022_HE [d=5,x=56509,y=69242,w=11195,h=10913] [d=1,x=2048,y=0,w=512,h=512]",D022,train
"D022_HE [d=5,x=56509,y=69242,w=11195,h=10913] [d=1,x=2048,y=1024,w=512,h=512]",D022,train
"D022_HE [d=5,x=56509,y=69242,w=11195,h=10913] [d=1,x=2048,y=1280,w=512,h=512]",D022,train
"D022_HE [d=5,x=56509,y=69242,w=11195,h=10913] [d=1,x=2048,y=1536,w=512,h=512]",D022,train
"D022_HE [d=5,x=56509,y=69242,w=11195,h=10913] [d=1,x=2048,y=1792,w=512,h=512]",D022,train
"D022_HE [d=5,x=56509,y=69242,w=11195,h=10913] [d=1,x=2048,y=2048,w=512,h=512]",D022,train
"D022_HE [d=5,x=56509,y=69242,w=11195,h=10913] [d=1,x=2048,y=256,w=512,h=512]",D022,val
"D022_HE [d=5,x=56509,y=69242,w=11195,h=10913] [d=1,x=2048,y=512,w=512,h=512]",D022,train
"D022_HE [d=5,x=56509,y=69242,w=11195,h=10913] [d=1,x=2048,y=768,w=512,h=512]",D022,train
"D022_HE [d=5,x=56509,y=69242,w=11195,h=10913] [d=1,x=256,y=0,w=512,h=512]",D022,train
"D022_HE [d=5,x=56509,y=69242,w=11195,h=10913] [d=1,x=256,y=1024,w=512,h=512]",D022,train
"D022_HE [d=5,x=56509,y=69242,w=11195,h=10913] [d=1,x=256,y=1280,w=512,h=512]",D022,train
"D022_HE [d=5,x=56509,y=69242,w=11195,h=10913] [d=1,x=256,y=1536,w=512,h=512]",D022,train
"D022_HE [d=5,x=56509,y=69242,w=11195,h=10913] [d=1,x=256,y=1792,w=512,h=512]",D022,train
"D022_HE [d=5,x=56509,y=69242,w=11195,h=10913] [d=1,x=256,y=2048,w=512,h=512]",D022,val
"D022_HE [d=5,x=56509,y=69242,w=11195,h=10913] [d=1,x=256,y=256,w=512,h=512]",D022,train
"D022_HE [d=5,x=56509,y=69242,w=11195,h=10913] [d=1,x=256,y=512,w=512,h=512]",D022,val
"D022_HE [d=5,x=56509,y=69242,w=11195,h=10913] [d=1,x=256,y=768,w=512,h=512]",D022,train
"D022_HE [d=5,x=56509,y=69242,w=11195,h=10913] [d=1,x=512,y=0,w=512,h=512]",D022,val
"D022_HE [d=5,x=56509,y=69242,w=11195,h=10913] [d=1,x=512,y=1024,w=512,h=512]",D022,train
"D022_HE [d=5,x=56509,y=69242,w=11195,h=10913] [d=1,x=512,y=1280,w=512,h=512]",D022,train
"D022_HE [d=5,x=56509,y=69242,w=11195,h=10913] [d=1,x=512,y=1536,w=512,h=512]",D022,train
"D022_HE [d=5,x=56509,y=69242,w=11195,h=10913] [d=1,x=512,y=1792,w=512,h=512]",D022,train
"D022_HE [d=5,x=56509,y=69242,w=11195,h=10913] [d=1,x=512,y=2048,w=512,h=512]",D022,train
"D022_HE [d=5,x=56509,y=69242,w=11195,h=10913] [d=1,x=512,y=256,w=512,h=512]",D022,val
"D022_HE [d=5,x=56509,y=69242,w=11195,h=10913] [d=1,x=512,y=512,w=512,h=512]",D022,train
"D022_HE [d=5,x=56509,y=69242,w=11195,h=10913] [d=1,x=512,y=768,w=512,h=512]",D022,val
"D022_HE [d=5,x=56509,y=69242,w=11195,h=10913] [d=1,x=768,y=0,w=512,h=512]",D022,train
"D022_HE [d=5,x=56509,y=69242,w=11195,h=10913] [d=1,x=768,y=1024,w=512,h=512]",D022,train
"D022_HE [d=5,x=56509,y=69242,w=11195,h=10913] [d=1,x=768,y=1280,w=512,h=512]",D022,train
"D022_HE [d=5,x=56509,y=69242,w=11195,h=10913] [d=1,x=768,y=1536,w=512,h=512]",D022,val
"D022_HE [d=5,x=56509,y=69242,w=11195,h=10913] [d=1,x=768,y=1792,w=512,h=512]",D022,train
"D022_HE [d=5,x=56509,y=69242,w=11195,h=10913] [d=1,x=768,y=2048,w=512,h=512]",D022,val
"D022_HE [d=5,x=56509,y=69242,w=11195,h=10913] [d=1,x=768,y=256,w=512,h=512]",D022,train
"D022_HE [d=5,x=56509,y=69242,w=11195,h=10913] [d=1,x=768,y=512,w=512,h=512]",D022,val
"D022_HE [d=5,x=56509,y=69242,w=11195,h=10913] [d=1,x=768,y=768,w=512,h=512]",D022,val
"D02_HE [d=5,x=10557,y=12798,w=4083,h=3975] [d=1,x=0,y=0,w=512,h=512]",D002,train
"D02_HE [d=5,x=10557,y=12798,w=4083,h=3975] [d=1,x=0,y=256,w=512,h=512]",D002,train
"D02_HE [d=5,x=10557,y=12798,w=4083,h=3975] [d=1,x=0,y=512,w=512,h=512]",D002,train
"D02_HE [d=5,x=10557,y=12798,w=4083,h=3975] [d=1,x=0,y=768,w=512,h=512]",D002,train
"D02_HE [d=5,x=10557,y=12798,w=4083,h=3975] [d=1,x=256,y=0,w=512,h=512]",D002,train
"D02_HE [d=5,x=10557,y=12798,w=4083,h=3975] [d=1,x=256,y=256,w=512,h=512]",D002,val
"D02_HE [d=5,x=10557,y=12798,w=4083,h=3975] [d=1,x=256,y=512,w=512,h=512]",D002,val
"D02_HE [d=5,x=10557,y=12798,w=4083,h=3975] [d=1,x=256,y=768,w=512,h=512]",D002,train
"D02_HE [d=5,x=10557,y=12798,w=4083,h=3975] [d=1,x=512,y=0,w=512,h=512]",D002,train
"D02_HE [d=5,x=10557,y=12798,w=4083,h=3975] [d=1,x=512,y=256,w=512,h=512]",D002,train
"D02_HE [d=5,x=10557,y=12798,w=4083,h=3975] [d=1,x=512,y=512,w=512,h=512]",D002,train
"D02_HE [d=5,x=10557,y=12798,w=4083,h=3975] [d=1,x=512,y=768,w=512,h=512]",D002,train
"D02_HE [d=5,x=10557,y=12798,w=4083,h=3975] [d=1,x=768,y=0,w=512,h=512]",D002,train
"D02_HE [d=5,x=10557,y=12798,w=4083,h=3975] [d=1,x=768,y=256,w=512,h=512]",D002,train
"D02_HE [d=5,x=10557,y=12798,w=4083,h=3975] [d=1,x=768,y=512,w=512,h=512]",D002,train
"D02_HE [d=5,x=10557,y=12798,w=4083,h=3975] [d=1,x=768,y=768,w=512,h=512]",D002,train
"D02_HE [d=5,x=12219,y=24889,w=2060,h=2301] [d=1,x=0,y=0,w=512,h=512]",D002,train
"D02_HE [d=5,x=12219,y=24889,w=2060,h=2301] [d=1,x=0,y=256,w=512,h=512]",D002,train
"D02_HE [d=5,x=12219,y=24889,w=2060,h=2301] [d=1,x=256,y=0,w=512,h=512]",D002,val
"D02_HE [d=5,x=12219,y=24889,w=2060,h=2301] [d=1,x=256,y=256,w=512,h=512]",D002,train
"D02_HE [d=5,x=12481,y=27949,w=3342,h=2476] [d=1,x=0,y=0,w=512,h=512]",D002,train
"D02_HE [d=5,x=12481,y=27949,w=3342,h=2476] [d=1,x=0,y=256,w=512,h=512]",D002,train
"D02_HE [d=5,x=12481,y=27949,w=3342,h=2476] [d=1,x=256,y=0,w=512,h=512]",D002,train
"D02_HE [d=5,x=12481,y=27949,w=3342,h=2476] [d=1,x=256,y=256,w=512,h=512]",D002,train
"D02_HE [d=5,x=12481,y=27949,w=3342,h=2476] [d=1,x=512,y=0,w=512,h=512]",D002,train
"D02_HE [d=5,x=12481,y=27949,w=3342,h=2476] [d=1,x=512,y=256,w=512,h=512]",D002,train
"D02_HE [d=5,x=3735,y=23258,w=2579,h=2709] [d=1,x=0,y=0,w=512,h=512]",D002,train
"D02_HE [d=5,x=3735,y=23258,w=2579,h=2709] [d=1,x=0,y=256,w=512,h=512]",D002,train
"D02_HE [d=5,x=3735,y=23258,w=2579,h=2709] [d=1,x=0,y=512,w=512,h=512]",D002,train
"D02_HE [d=5,x=3735,y=23258,w=2579,h=2709] [d=1,x=256,y=0,w=512,h=512]",D002,val
"D02_HE [d=5,x=3735,y=23258,w=2579,h=2709] [d=1,x=256,y=256,w=512,h=512]",D002,val
"D02_HE [d=5,x=3735,y=23258,w=2579,h=2709] [d=1,x=256,y=512,w=512,h=512]",D002,train
"D02_HE [d=5,x=3735,y=23258,w=2579,h=2709] [d=1,x=512,y=0,w=512,h=512]",D002,train
"D02_HE [d=5,x=3735,y=23258,w=2579,h=2709] [d=1,x=512,y=256,w=512,h=512]",D002,train
"D02_HE [d=5,x=3735,y=23258,w=2579,h=2709] [d=1,x=512,y=512,w=512,h=512]",D002,train
"D02_HE [d=5,x=5409,y=19457,w=2100,h=2239] [d=1,x=0,y=0,w=512,h=512]",D002,val
"D02_HE [d=5,x=5409,y=19457,w=2100,h=2239] [d=1,x=0,y=256,w=512,h=512]",D002,train
"D02_HE [d=5,x=5409,y=19457,w=2100,h=2239] [d=1,x=256,y=0,w=512,h=512]",D002,train
"D02_HE [d=5,x=5409,y=19457,w=2100,h=2239] [d=1,x=256,y=256,w=512,h=512]",D002,train
"D02_HE [d=5,x=8778,y=21546,w=5000,h=5000] [d=1,x=0,y=0,w=512,h=512]",D002,train
"D02_HE [d=5,x=8778,y=21546,w=5000,h=5000] [d=1,x=0,y=256,w=512,h=512]",D002,train
"D02_HE [d=5,x=8778,y=21546,w=5000,h=5000] [d=1,x=0,y=512,w=512,h=512]",D002,val
"D02_HE [d=5,x=8778,y=21546,w=5000,h=5000] [d=1,x=0,y=768,w=512,h=512]",D002,train
"D02_HE [d=5,x=8778,y=21546,w=5000,h=5000] [d=1,x=256,y=0,w=512,h=512]",D002,train
"D02_HE [d=5,x=8778,y=21546,w=5000,h=5000] [d=1,x=256,y=256,w=512,h=512]",D002,val
"D02_HE [d=5,x=8778,y=21546,w=5000,h=5000] [d=1,x=256,y=512,w=512,h=512]",D002,train
"D02_HE [d=5,x=8778,y=21546,w=5000,h=5000] [d=1,x=256,y=768,w=512,h=512]",D002,train
"D02_HE [d=5,x=8778,y=21546,w=5000,h=5000] [d=1,x=512,y=0,w=512,h=512]",D002,train
"D02_HE [d=5,x=8778,y=21546,w=5000,h=5000] [d=1,x=512,y=256,w=512,h=512]",D002,train
"D02_HE [d=5,x=8778,y=21546,w=5000,h=5000] [d=1,x=512,y=512,w=512,h=512]",D002,train
"D02_HE [d=5,x=8778,y=21546,w=5000,h=5000] [d=1,x=512,y=768,w=512,h=512]",D002,train
"D02_HE [d=5,x=8778,y=21546,w=5000,h=5000] [d=1,x=768,y=0,w=512,h=512]",D002,train
"D02_HE [d=5,x=8778,y=21546,w=5000,h=5000] [d=1,x=768,y=256,w=512,h=512]",D002,train
"D02_HE [d=5,x=8778,y=21546,w=5000,h=5000] [d=1,x=768,y=512,w=512,h=512]",D002,val
"D02_HE [d=5,x=8778,y=21546,w=5000,h=5000] [d=1,x=768,y=768,w=512,h=512]",D002,train
"D030_HE [d=5,x=54802,y=42378,w=4474,h=4422] [d=1,x=0,y=0,w=512,h=512]",D030,train
"D030_HE [d=5,x=54802,y=42378,w=4474,h=4422] [d=1,x=0,y=256,w=512,h=512]",D030,train
"D030_HE [d=5,x=54802,y=42378,w=4474,h=4422] [d=1,x=0,y=512,w=512,h=512]",D030,train
"D030_HE [d=5,x=54802,y=42378,w=4474,h=4422] [d=1,x=0,y=768,w=512,h=512]",D030,train
"D030_HE [d=5,x=54802,y=42378,w=4474,h=4422] [d=1,x=256,y=0,w=512,h=512]",D030,train
"D030_HE [d=5,x=54802,y=42378,w=4474,h=4422] [d=1,x=256,y=256,w=512,h=512]",D030,val
"D030_HE [d=5,x=54802,y=42378,w=4474,h=4422] [d=1,x=256,y=512,w=512,h=512]",D030,train
"D030_HE [d=5,x=54802,y=42378,w=4474,h=4422] [d=1,x=256,y=768,w=512,h=512]",D030,train
"D030_HE [d=5,x=54802,y=42378,w=4474,h=4422] [d=1,x=512,y=0,w=512,h=512]",D030,val
"D030_HE [d=5,x=54802,y=42378,w=4474,h=4422] [d=1,x=512,y=256,w=512,h=512]",D030,train
"D030_HE [d=5,x=54802,y=42378,w=4474,h=4422] [d=1,x=512,y=512,w=512,h=512]",D030,val
"D030_HE [d=5,x=54802,y=42378,w=4474,h=4422] [d=1,x=512,y=768,w=512,h=512]",D030,val
"D030_HE [d=5,x=54802,y=42378,w=4474,h=4422] [d=1,x=768,y=0,w=512,h=512]",D030,train
"D030_HE [d=5,x=54802,y=42378,w=4474,h=4422] [d=1,x=768,y=256,w=512,h=512]",D030,train
"D030_HE [d=5,x=54802,y=42378,w=4474,h=4422] [d=1,x=768,y=512,w=512,h=512]",D030,train
"D030_HE [d=5,x=54802,y=42378,w=4474,h=4422] [d=1,x=768,y=768,w=512,h=512]",D030,val
"D033_HE [d=5,x=48290,y=31370,w=4786,h=3332] [d=1,x=0,y=0,w=512,h=512]",D033,train
"D033_HE [d=5,x=48290,y=31370,w=4786,h=3332] [d=1,x=0,y=256,w=512,h=512]",D033,val
"D033_HE [d=5,x=48290,y=31370,w=4786,h=3332] [d=1,x=0,y=512,w=512,h=512]",D033,train
"D033_HE [d=5,x=48290,y=31370,w=4786,h=3332] [d=1,x=256,y=0,w=512,h=512]",D033,train
"D033_HE [d=5,x=48290,y=31370,w=4786,h=3332] [d=1,x=256,y=256,w=512,h=512]",D033,val
"D033_HE [d=5,x=48290,y=31370,w=4786,h=3332] [d=1,x=256,y=512,w=512,h=512]",D033,train
"D033_HE [d=5,x=48290,y=31370,w=4786,h=3332] [d=1,x=512,y=0,w=512,h=512]",D033,train
"D033_HE [d=5,x=48290,y=31370,w=4786,h=3332] [d=1,x=512,y=256,w=512,h=512]",D033,train
"D033_HE [d=5,x=48290,y=31370,w=4786,h=3332] [d=1,x=512,y=512,w=512,h=512]",D033,train
"D033_HE [d=5,x=48290,y=31370,w=4786,h=3332] [d=1,x=768,y=0,w=512,h=512]",D033,train
"D033_HE [d=5,x=48290,y=31370,w=4786,h=3332] [d=1,x=768,y=256,w=512,h=512]",D033,train
"D033_HE [d=5,x=48290,y=31370,w=4786,h=3332] [d=1,x=768,y=512,w=512,h=512]",D033,val
"D035_HE [d=5,x=21244,y=20337,w=8193,h=7218] [d=1,x=0,y=0,w=512,h=512]",D035,train
"D035_HE [d=5,x=21244,y=20337,w=8193,h=7218] [d=1,x=0,y=1024,w=512,h=512]",D035,train
"D035_HE [d=5,x=21244,y=20337,w=8193,h=7218] [d=1,x=0,y=1280,w=512,h=512]",D035,val
"D035_HE [d=5,x=21244,y=20337,w=8193,h=7218] [d=1,x=0,y=256,w=512,h=512]",D035,train
"D035_HE [d=5,x=21244,y=20337,w=8193,h=7218] [d=1,x=0,y=512,w=512,h=512]",D035,train
"D035_HE [d=5,x=21244,y=20337,w=8193,h=7218] [d=1,x=0,y=768,w=512,h=512]",D035,train
"D035_HE [d=5,x=21244,y=20337,w=8193,h=7218] [d=1,x=1024,y=0,w=512,h=512]",D035,train
"D035_HE [d=5,x=21244,y=20337,w=8193,h=7218] [d=1,x=1024,y=1024,w=512,h=512]",D035,train
"D035_HE [d=5,x=21244,y=20337,w=8193,h=7218] [d=1,x=1024,y=1280,w=512,h=512]",D035,train
"D035_HE [d=5,x=21244,y=20337,w=8193,h=7218] [d=1,x=1024,y=256,w=512,h=512]",D035,val
"D035_HE [d=5,x=21244,y=20337,w=8193,h=7218] [d=1,x=1024,y=512,w=512,h=512]",D035,train
"D035_HE [d=5,x=21244,y=20337,w=8193,h=7218] [d=1,x=1024,y=768,w=512,h=512]",D035,val
"D035_HE [d=5,x=21244,y=20337,w=8193,h=7218] [d=1,x=1280,y=0,w=512,h=512]",D035,train
"D035_HE [d=5,x=21244,y=20337,w=8193,h=7218] [d=1,x=1280,y=1024,w=512,h=512]",D035,train
"D035_HE [d=5,x=21244,y=20337,w=8193,h=7218] [d=1,x=1280,y=1280,w=512,h=512]",D035,val
"D035_HE [d=5,x=21244,y=20337,w=8193,h=7218] [d=1,x=1280,y=256,w=512,h=512]",D035,train
"D035_HE [d=5,x=21244,y=20337,w=8193,h=7218] [d=1,x=1280,y=512,w=512,h=512]",D035,train
"D035_HE [d=5,x=21244,y=20337,w=8193,h=7218] [d=1,x=1280,y=768,w=512,h=512]",D035,train
"D035_HE [d=5,x=21244,y=20337,w=8193,h=7218] [d=1,x=1536,y=0,w=512,h=512]",D035,train
"D035_HE [d=5,x=21244,y=20337,w=8193,h=7218] [d=1,x=1536,y=1024,w=512,h=512]",D035,train
"D035_HE [d=5,x=21244,y=20337,w=8193,h=7218] [d=1,x=1536,y=1280,w=512,h=512]",D035,val
"D035_HE [d=5,x=21244,y=20337,w=8193,h=7218] [d=1,x=1536,y=256,w=512,h=512]",D035,train
"D035_HE [d=5,x=21244,y=20337,w=8193,h=7218] [d=1,x=1536,y=512,w=512,h=512]",D035,train
"D035_HE [d=5,x=21244,y=20337,w=8193,h=7218] [d=1,x=1536,y=768,w=512,h=512]",D035,train
"D035_HE [d=5,x=21244,y=20337,w=8193,h=7218] [d=1,x=256,y=0,w=512,h=512]",D035,train
"D035_HE [d=5,x=21244,y=20337,w=8193,h=7218] [d=1,x=256,y=1024,w=512,h=512]",D035,train
"D035_HE [d=5,x=21244,y=20337,w=8193,h=7218] [d=1,x=256,y=1280,w=512,h=512]",D035,train
"D035_HE [d=5,x=21244,y=20337,w=8193,h=7218] [d=1,x=256,y=256,w=512,h=512]",D035,train
"D035_HE [d=5,x=21244,y=20337,w=8193,h=7218] [d=1,x=256,y=512,w=512,h=512]",D035,train
"D035_HE [d=5,x=21244,y=20337,w=8193,h=7218] [d=1,x=256,y=768,w=512,h=512]",D035,train
"D035_HE [d=5,x=21244,y=20337,w=8193,h=7218] [d=1,x=512,y=0,w=512,h=512]",D035,train
"D035_HE [d=5,x=21244,y=20337,w=8193,h=7218] [d=1,x=512,y=1024,w=512,h=512]",D035,val
"D035_HE [d=5,x=21244,y=20337,w=8193,h=7218] [d=1,x=512,y=1280,w=512,h=512]",D035,train
"D035_HE [d=5,x=21244,y=20337,w=8193,h=7218] [d=1,x=512,y=256,w=512,h=512]",D035,train
"D035_HE [d=5,x=21244,y=20337,w=8193,h=7218] [d=1,x=512,y=512,w=512,h=512]",D035,train
"D035_HE [d=5,x=21244,y=20337,w=8193,h=7218] [d=1,x=512,y=768,w=512,h=512]",D035,train
"D035_HE [d=5,x=21244,y=20337,w=8193,h=7218] [d=1,x=768,y=0,w=512,h=512]",D035,train
"D035_HE [d=5,x=21244,y=20337,w=8193,h=7218] [d=1,x=768,y=1024,w=512,h=512]",D035,train
"D035_HE [d=5,x=21244,y=20337,w=8193,h=7218] [d=1,x=768,y=1280,w=512,h=512]",D035,train
"D035_HE [d=5,x=21244,y=20337,w=8193,h=7218] [d=1,x=768,y=256,w=512,h=512]",D035,train
"D035_HE [d=5,x=21244,y=20337,w=8193,h=7218] [d=1,x=768,y=512,w=512,h=512]",D035,train
"D035_HE [d=5,x=21244,y=20337,w=8193,h=7218] [d=1,x=768,y=768,w=512,h=512]",D035,train
"D03_HE [d=5,x=14986,y=19866,w=5000,h=5000] [d=1,x=0,y=0,w=512,h=512]",D003,val
"D03_HE [d=5,x=14986,y=19866,w=5000,h=5000] [d=1,x=0,y=256,w=512,h=512]",D003,val
"D03_HE [d=5,x=14986,y=19866,w=5000,h=5000] [d=1,x=0,y=512,w=512,h=512]",D003,train
"D03_HE [d=5,x=14986,y=19866,w=5000,h=5000] [d=1,x=0,y=768,w=512,h=512]",D003,train
"D03_HE [d=5,x=14986,y=19866,w=5000,h=5000] [d=1,x=256,y=0,w=512,h=512]",D003,val
"D03_HE [d=5,x=14986,y=19866,w=5000,h=5000] [d=1,x=256,y=256,w=512,h=512]",D003,val
"D03_HE [d=5,x=14986,y=19866,w=5000,h=5000] [d=1,x=256,y=512,w=512,h=512]",D003,train
"D03_HE [d=5,x=14986,y=19866,w=5000,h=5000] [d=1,x=256,y=768,w=512,h=512]",D003,train
"D03_HE [d=5,x=14986,y=19866,w=5000,h=5000] [d=1,x=512,y=0,w=512,h=512]",D003,val
"D03_HE [d=5,x=14986,y=19866,w=5000,h=5000] [d=1,x=512,y=256,w=512,h=512]",D003,train
"D03_HE [d=5,x=14986,y=19866,w=5000,h=5000] [d=1,x=512,y=512,w=512,h=512]",D003,train
"D03_HE [d=5,x=14986,y=19866,w=5000,h=5000] [d=1,x=512,y=768,w=512,h=512]",D003,train
"D03_HE [d=5,x=14986,y=19866,w=5000,h=5000] [d=1,x=768,y=0,w=512,h=512]",D003,train
"D03_HE [d=5,x=14986,y=19866,w=5000,h=5000] [d=1,x=768,y=256,w=512,h=512]",D003,val
"D03_HE [d=5,x=14986,y=19866,w=5000,h=5000] [d=1,x=768,y=512,w=512,h=512]",D003,train
"D03_HE [d=5,x=14986,y=19866,w=5000,h=5000] [d=1,x=768,y=768,w=512,h=512]",D003,val
"D03_HE [d=5,x=33356,y=32146,w=1827,h=2475] [d=1,x=0,y=0,w=512,h=512]",D003,train
"D03_HE [d=5,x=33356,y=32146,w=1827,h=2475] [d=1,x=0,y=256,w=512,h=512]",D003,train
"D03_HE [d=5,x=33356,y=32146,w=1827,h=2475] [d=1,x=256,y=0,w=512,h=512]",D003,train
"D03_HE [d=5,x=33356,y=32146,w=1827,h=2475] [d=1,x=256,y=256,w=512,h=512]",D003,val
"D03_HE [d=5,x=33567,y=40362,w=3071,h=3291] [d=1,x=0,y=0,w=512,h=512]",D003,train
"D03_HE [d=5,x=33567,y=40362,w=3071,h=3291] [d=1,x=0,y=256,w=512,h=512]",D003,train
"D03_HE [d=5,x=33567,y=40362,w=3071,h=3291] [d=1,x=0,y=512,w=512,h=512]",D003,val
"D03_HE [d=5,x=33567,y=40362,w=3071,h=3291] [d=1,x=256,y=0,w=512,h=512]",D003,train
"D03_HE [d=5,x=33567,y=40362,w=3071,h=3291] [d=1,x=256,y=256,w=512,h=512]",D003,train
"D03_HE [d=5,x=33567,y=40362,w=3071,h=3291] [d=1,x=256,y=512,w=512,h=512]",D003,train
"D03_HE [d=5,x=33567,y=40362,w=3071,h=3291] [d=1,x=512,y=0,w=512,h=512]",D003,train
"D03_HE [d=5,x=33567,y=40362,w=3071,h=3291] [d=1,x=512,y=256,w=512,h=512]",D003,val
"D03_HE [d=5,x=33567,y=40362,w=3071,h=3291] [d=1,x=512,y=512,w=512,h=512]",D003,train
"D03_HE [d=5,x=35966,y=34163,w=3007,h=3469] [d=1,x=0,y=0,w=512,h=512]",D003,val
"D03_HE [d=5,x=35966,y=34163,w=3007,h=3469] [d=1,x=0,y=256,w=512,h=512]",D003,train
"D03_HE [d=5,x=35966,y=34163,w=3007,h=3469] [d=1,x=0,y=512,w=512,h=512]",D003,train
"D03_HE [d=5,x=35966,y=34163,w=3007,h=3469] [d=1,x=256,y=0,w=512,h=512]",D003,train
"D03_HE [d=5,x=35966,y=34163,w=3007,h=3469] [d=1,x=256,y=256,w=512,h=512]",D003,val
"D03_HE [d=5,x=35966,y=34163,w=3007,h=3469] [d=1,x=256,y=512,w=512,h=512]",D003,train
"D03_HE [d=5,x=35966,y=34163,w=3007,h=3469] [d=1,x=512,y=0,w=512,h=512]",D003,train
"D03_HE [d=5,x=35966,y=34163,w=3007,h=3469] [d=1,x=512,y=256,w=512,h=512]",D003,train
"D03_HE [d=5,x=35966,y=34163,w=3007,h=3469] [d=1,x=512,y=512,w=512,h=512]",D003,train
"D03_HE [d=5,x=3915,y=48774,w=2752,h=3053] [d=1,x=0,y=0,w=512,h=512]",D003,train
"D03_HE [d=5,x=3915,y=48774,w=2752,h=3053] [d=1,x=0,y=256,w=512,h=512]",D003,train
"D03_HE [d=5,x=3915,y=48774,w=2752,h=3053] [d=1,x=0,y=512,w=512,h=512]",D003,train
"D03_HE [d=5,x=3915,y=48774,w=2752,h=3053] [d=1,x=256,y=0,w=512,h=512]",D003,train
"D03_HE [d=5,x=3915,y=48774,w=2752,h=3053] [d=1,x=256,y=256,w=512,h=512]",D003,train
"D03_HE [d=5,x=3915,y=48774,w=2752,h=3053] [d=1,x=256,y=512,w=512,h=512]",D003,train
"D03_HE [d=5,x=3915,y=48774,w=2752,h=3053] [d=1,x=512,y=0,w=512,h=512]",D003,val
"D03_HE [d=5,x=3915,y=48774,w=2752,h=3053] [d=1,x=512,y=256,w=512,h=512]",D003,train
"D03_HE [d=5,x=3915,y=48774,w=2752,h=3053] [d=1,x=512,y=512,w=512,h=512]",D003,train
"D03_HE [d=5,x=39315,y=29854,w=1431,h=1953] [d=1,x=0,y=0,w=512,h=512]",D003,train
"D03_HE [d=5,x=39315,y=29854,w=1431,h=1953] [d=1,x=0,y=256,w=512,h=512]",D003,train
"D03_HE [d=5,x=39315,y=29854,w=1431,h=1953] [d=1,x=256,y=0,w=512,h=512]",D003,train
"D03_HE [d=5,x=39315,y=29854,w=1431,h=1953] [d=1,x=256,y=256,w=512,h=512]",D003,train
"D03_HE [d=5,x=39387,y=32469,w=2695,h=3440] [d=1,x=0,y=0,w=512,h=512]",D003,train
"D03_HE [d=5,x=39387,y=32469,w=2695,h=3440] [d=1,x=0,y=256,w=512,h=512]",D003,train
"D03_HE [d=5,x=39387,y=32469,w=2695,h=3440] [d=1,x=0,y=512,w=512,h=512]",D003,train
"D03_HE [d=5,x=39387,y=32469,w=2695,h=3440] [d=1,x=256,y=0,w=512,h=512]",D003,val
"D03_HE [d=5,x=39387,y=32469,w=2695,h=3440] [d=1,x=256,y=256,w=512,h=512]",D003,train
"D03_HE [d=5,x=39387,y=32469,w=2695,h=3440] [d=1,x=256,y=512,w=512,h=512]",D003,train
"D03_HE [d=5,x=39387,y=32469,w=2695,h=3440] [d=1,x=512,y=0,w=512,h=512]",D003,train
"D03_HE [d=5,x=39387,y=32469,w=2695,h=3440] [d=1,x=512,y=256,w=512,h=512]",D003,train
"D03_HE [d=5,x=39387,y=32469,w=2695,h=3440] [d=1,x=512,y=512,w=512,h=512]",D003,train
"D03_HE [d=5,x=39443,y=28314,w=2435,h=2426] [d=1,x=0,y=0,w=512,h=512]",D003,train
"D03_HE [d=5,x=39443,y=28314,w=2435,h=2426] [d=1,x=0,y=256,w=512,h=512]",D003,train
"D03_HE [d=5,x=39443,y=28314,w=2435,h=2426] [d=1,x=256,y=0,w=512,h=512]",D003,train
"D03_HE [d=5,x=39443,y=28314,w=2435,h=2426] [d=1,x=256,y=256,w=512,h=512]",D003,train
"D03_HE [d=5,x=40458,y=27906,w=1898,h=2749] [d=1,x=0,y=0,w=512,h=512]",D003,train
"D03_HE [d=5,x=40458,y=27906,w=1898,h=2749] [d=1,x=0,y=256,w=512,h=512]",D003,val
"D03_HE [d=5,x=40458,y=27906,w=1898,h=2749] [d=1,x=0,y=512,w=512,h=512]",D003,val
"D03_HE [d=5,x=40458,y=27906,w=1898,h=2749] [d=1,x=256,y=0,w=512,h=512]",D003,train
"D03_HE [d=5,x=40458,y=27906,w=1898,h=2749] [d=1,x=256,y=256,w=512,h=512]",D003,train
"D03_HE [d=5,x=40458,y=27906,w=1898,h=2749] [d=1,x=256,y=512,w=512,h=512]",D003,train
"D03_HE [d=5,x=40941,y=35868,w=1281,h=1642] [d=1,x=0,y=0,w=512,h=512]",D003,train
"D03_HE [d=5,x=40941,y=35868,w=1281,h=1642] [d=1,x=0,y=256,w=512,h=512]",D003,train
"D03_HE [d=5,x=48607,y=27007,w=2060,h=2650] [d=1,x=0,y=0,w=512,h=512]",D003,train
"D03_HE [d=5,x=48607,y=27007,w=2060,h=2650] [d=1,x=0,y=256,w=512,h=512]",D003,val
"D03_HE [d=5,x=48607,y=27007,w=2060,h=2650] [d=1,x=0,y=512,w=512,h=512]",D003,train
"D03_HE [d=5,x=48607,y=27007,w=2060,h=2650] [d=1,x=256,y=0,w=512,h=512]",D003,train
"D03_HE [d=5,x=48607,y=27007,w=2060,h=2650] [d=1,x=256,y=256,w=512,h=512]",D003,train
"D03_HE [d=5,x=48607,y=27007,w=2060,h=2650] [d=1,x=256,y=512,w=512,h=512]",D003,train
"D03_HE [d=5,x=5130,y=43869,w=2838,h=3074] [d=1,x=0,y=0,w=512,h=512]",D003,train
"D03_HE [d=5,x=5130,y=43869,w=2838,h=3074] [d=1,x=0,y=256,w=512,h=512]",D003,train
"D03_HE [d=5,x=5130,y=43869,w=2838,h=3074] [d=1,x=0,y=512,w=512,h=512]",D003,train
"D03_HE [d=5,x=5130,y=43869,w=2838,h=3074] [d=1,x=256,y=0,w=512,h=512]",D003,train
"D03_HE [d=5,x=5130,y=43869,w=2838,h=3074] [d=1,x=256,y=256,w=512,h=512]",D003,val
"D03_HE [d=5,x=5130,y=43869,w=2838,h=3074] [d=1,x=256,y=512,w=512,h=512]",D003,train
"D03_HE [d=5,x=5130,y=43869,w=2838,h=3074] [d=1,x=512,y=0,w=512,h=512]",D003,val
"D03_HE [d=5,x=5130,y=43869,w=2838,h=3074] [d=1,x=512,y=256,w=512,h=512]",D003,train
"D03_HE [d=5,x=5130,y=43869,w=2838,h=3074] [d=1,x=512,y=512,w=512,h=512]",D003,train
"D03_HE [d=5,x=51438,y=27701,w=1804,h=2003] [d=1,x=0,y=0,w=512,h=512]",D003,train
"D03_HE [d=5,x=51438,y=27701,w=1804,h=2003] [d=1,x=0,y=256,w=512,h=512]",D003,train
"D03_HE [d=5,x=51438,y=27701,w=1804,h=2003] [d=1,x=256,y=0,w=512,h=512]",D003,train
"D03_HE [d=5,x=51438,y=27701,w=1804,h=2003] [d=1,x=256,y=256,w=512,h=512]",D003,train
"D03_HE [d=5,x=55062,y=33808,w=2813,h=2645] [d=1,x=0,y=0,w=512,h=512]",D003,train
"D03_HE [d=5,x=55062,y=33808,w=2813,h=2645] [d=1,x=0,y=256,w=512,h=512]",D003,val
"D03_HE [d=5,x=55062,y=33808,w=2813,h=2645] [d=1,x=0,y=512,w=512,h=512]",D003,train
"D03_HE [d=5,x=55062,y=33808,w=2813,h=2645] [d=1,x=256,y=0,w=512,h=512]",D003,train
"D03_HE [d=5,x=55062,y=33808,w=2813,h=2645] [d=1,x=256,y=256,w=512,h=512]",D003,train
"D03_HE [d=5,x=55062,y=33808,w=2813,h=2645] [d=1,x=256,y=512,w=512,h=512]",D003,train
"D03_HE [d=5,x=55062,y=33808,w=2813,h=2645] [d=1,x=512,y=0,w=512,h=512]",D003,train
"D03_HE [d=5,x=55062,y=33808,w=2813,h=2645] [d=1,x=512,y=256,w=512,h=512]",D003,train
"D03_HE [d=5,x=55062,y=33808,w=2813,h=2645] [d=1,x=512,y=512,w=512,h=512]",D003,train
"D03_HE [d=5,x=58174,y=34279,w=2161,h=2330] [d=1,x=0,y=0,w=512,h=512]",D003,train
"D03_HE [d=5,x=58174,y=34279,w=2161,h=2330] [d=1,x=0,y=256,w=512,h=512]",D003,train
"D03_HE [d=5,x=58174,y=34279,w=2161,h=2330] [d=1,x=256,y=0,w=512,h=512]",D003,train
"D03_HE [d=5,x=58174,y=34279,w=2161,h=2330] [d=1,x=256,y=256,w=512,h=512]",D003,train
"D03_HE [d=5,x=8708,y=53008,w=2181,h=3270] [d=1,x=0,y=0,w=512,h=512]",D003,val
"D03_HE [d=5,x=8708,y=53008,w=2181,h=3270] [d=1,x=0,y=256,w=512,h=512]",D003,train
"D03_HE [d=5,x=8708,y=53008,w=2181,h=3270] [d=1,x=0,y=512,w=512,h=512]",D003,train
"D03_HE [d=5,x=8708,y=53008,w=2181,h=3270] [d=1,x=256,y=0,w=512,h=512]",D003,train
"D03_HE [d=5,x=8708,y=53008,w=2181,h=3270] [d=1,x=256,y=256,w=512,h=512]",D003,train
"D03_HE [d=5,x=8708,y=53008,w=2181,h=3270] [d=1,x=256,y=512,w=512,h=512]",D003,train
"D04_HE [d=5,x=13805,y=41510,w=1224,h=1646] [d=1,x=0,y=0,w=512,h=512]",D004,train
"D04_HE [d=5,x=13805,y=41510,w=1224,h=1646] [d=1,x=0,y=256,w=512,h=512]",D004,val
"D04_HE [d=5,x=17909,y=36003,w=2985,h=2794] [d=1,x=0,y=0,w=512,h=512]",D004,train
"D04_HE [d=5,x=17909,y=36003,w=2985,h=2794] [d=1,x=0,y=256,w=512,h=512]",D004,train
"D04_HE [d=5,x=17909,y=36003,w=2985,h=2794] [d=1,x=0,y=512,w=512,h=512]",D004,train
"D04_HE [d=5,x=17909,y=36003,w=2985,h=2794] [d=1,x=256,y=0,w=512,h=512]",D004,train
"D04_HE [d=5,x=17909,y=36003,w=2985,h=2794] [d=1,x=256,y=256,w=512,h=512]",D004,train
"D04_HE [d=5,x=17909,y=36003,w=2985,h=2794] [d=1,x=256,y=512,w=512,h=512]",D004,train
"D04_HE [d=5,x=17909,y=36003,w=2985,h=2794] [d=1,x=512,y=0,w=512,h=512]",D004,val
"D04_HE [d=5,x=17909,y=36003,w=2985,h=2794] [d=1,x=512,y=256,w=512,h=512]",D004,train
"D04_HE [d=5,x=17909,y=36003,w=2985,h=2794] [d=1,x=512,y=512,w=512,h=512]",D004,train
"D04_HE [d=5,x=30945,y=26201,w=2929,h=3346] [d=1,x=0,y=0,w=512,h=512]",D004,train
"D04_HE [d=5,x=30945,y=26201,w=2929,h=3346] [d=1,x=0,y=256,w=512,h=512]",D004,train
"D04_HE [d=5,x=30945,y=26201,w=2929,h=3346] [d=1,x=0,y=512,w=512,h=512]",D004,train
"D04_HE [d=5,x=30945,y=26201,w=2929,h=3346] [d=1,x=256,y=0,w=512,h=512]",D004,train
"D04_HE [d=5,x=30945,y=26201,w=2929,h=3346] [d=1,x=256,y=256,w=512,h=512]",D004,train
"D04_HE [d=5,x=30945,y=26201,w=2929,h=3346] [d=1,x=256,y=512,w=512,h=512]",D004,val
"D04_HE [d=5,x=30945,y=26201,w=2929,h=3346] [d=1,x=512,y=0,w=512,h=512]",D004,val
"D04_HE [d=5,x=30945,y=26201,w=2929,h=3346] [d=1,x=512,y=256,w=512,h=512]",D004,val
"D04_HE [d=5,x=30945,y=26201,w=2929,h=3346] [d=1,x=512,y=512,w=512,h=512]",D004,train
"D05_HE [d=5,x=10852,y=39084,w=2387,h=3321] [d=1,x=0,y=0,w=512,h=512]",D005,train
"D05_HE [d=5,x=10852,y=39084,w=2387,h=3321] [d=1,x=0,y=256,w=512,h=512]",D005,train
"D05_HE [d=5,x=10852,y=39084,w=2387,h=3321] [d=1,x=0,y=512,w=512,h=512]",D005,train
"D05_HE [d=5,x=10852,y=39084,w=2387,h=3321] [d=1,x=256,y=0,w=512,h=512]",D005,train
"D05_HE [d=5,x=10852,y=39084,w=2387,h=3321] [d=1,x=256,y=256,w=512,h=512]",D005,train
"D05_HE [d=5,x=10852,y=39084,w=2387,h=3321] [d=1,x=256,y=512,w=512,h=512]",D005,train
"D05_HE [d=5,x=25419,y=39151,w=3710,h=3527] [d=1,x=0,y=0,w=512,h=512]",D005,train
"D05_HE [d=5,x=25419,y=39151,w=3710,h=3527] [d=1,x=0,y=256,w=512,h=512]",D005,train
"D05_HE [d=5,x=25419,y=39151,w=3710,h=3527] [d=1,x=0,y=512,w=512,h=512]",D005,train
"D05_HE [d=5,x=25419,y=39151,w=3710,h=3527] [d=1,x=256,y=0,w=512,h=512]",D005,train
"D05_HE [d=5,x=25419,y=39151,w=3710,h=3527] [d=1,x=256,y=256,w=512,h=512]",D005,train
"D05_HE [d=5,x=25419,y=39151,w=3710,h=3527] [d=1,x=256,y=512,w=512,h=512]",D005,train
"D05_HE [d=5,x=25419,y=39151,w=3710,h=3527] [d=1,x=512,y=0,w=512,h=512]",D005,train
"D05_HE [d=5,x=25419,y=39151,w=3710,h=3527] [d=1,x=512,y=256,w=512,h=512]",D005,train
"D05_HE [d=5,x=25419,y=39151,w=3710,h=3527] [d=1,x=512,y=512,w=512,h=512]",D005,train
"D05_HE [d=5,x=40980,y=54218,w=2590,h=2292] [d=1,x=0,y=0,w=512,h=512]",D005,train
"D05_HE [d=5,x=40980,y=54218,w=2590,h=2292] [d=1,x=0,y=256,w=512,h=512]",D005,train
"D05_HE [d=5,x=40980,y=54218,w=2590,h=2292] [d=1,x=256,y=0,w=512,h=512]",D005,train
"D05_HE [d=5,x=40980,y=54218,w=2590,h=2292] [d=1,x=256,y=256,w=512,h=512]",D005,train
"D05_HE [d=5,x=40980,y=54218,w=2590,h=2292] [d=1,x=512,y=0,w=512,h=512]",D005,train
"D05_HE [d=5,x=40980,y=54218,w=2590,h=2292] [d=1,x=512,y=256,w=512,h=512]",D005,train
"D05_HE [d=5,x=55621,y=44768,w=841,h=935] [d=1,x=0,y=0,w=512,h=512]",D005,train
"D05_HE [d=5,x=6526,y=22656,w=3221,h=3819] [d=1,x=0,y=0,w=512,h=512]",D005,train
"D05_HE [d=5,x=6526,y=22656,w=3221,h=3819] [d=1,x=0,y=256,w=512,h=512]",D005,train
"D05_HE [d=5,x=6526,y=22656,w=3221,h=3819] [d=1,x=0,y=512,w=512,h=512]",D005,train
"D05_HE [d=5,x=6526,y=22656,w=3221,h=3819] [d=1,x=256,y=0,w=512,h=512]",D005,train
"D05_HE [d=5,x=6526,y=22656,w=3221,h=3819] [d=1,x=256,y=256,w=512,h=512]",D005,train
"D05_HE [d=5,x=6526,y=22656,w=3221,h=3819] [d=1,x=256,y=512,w=512,h=512]",D005,train
"D05_HE [d=5,x=6526,y=22656,w=3221,h=3819] [d=1,x=512,y=0,w=512,h=512]",D005,train
"D05_HE [d=5,x=6526,y=22656,w=3221,h=3819] [d=1,x=512,y=256,w=512,h=512]",D005,train
"D05_HE [d=5,x=6526,y=22656,w=3221,h=3819] [d=1,x=512,y=512,w=512,h=512]",D005,train
"D063_HE [d=5,x=50078,y=53255,w=3410,h=3307] [d=1,x=0,y=0,w=512,h=512]",D063,train
"D063_HE [d=5,x=50078,y=53255,w=3410,h=3307] [d=1,x=0,y=256,w=512,h=512]",D063,train
"D063_HE [d=5,x=50078,y=53255,w=3410,h=3307] [d=1,x=0,y=512,w=512,h=512]",D063,val
"D063_HE [d=5,x=50078,y=53255,w=3410,h=3307] [d=1,x=256,y=0,w=512,h=512]",D063,train
"D063_HE [d=5,x=50078,y=53255,w=3410,h=3307] [d=1,x=256,y=256,w=512,h=512]",D063,train
"D063_HE [d=5,x=50078,y=53255,w=3410,h=3307] [d=1,x=256,y=512,w=512,h=512]",D063,train
"D063_HE [d=5,x=50078,y=53255,w=3410,h=3307] [d=1,x=512,y=0,w=512,h=512]",D063,val
"D063_HE [d=5,x=50078,y=53255,w=3410,h=3307] [d=1,x=512,y=256,w=512,h=512]",D063,train
"D063_HE [d=5,x=50078,y=53255,w=3410,h=3307] [d=1,x=512,y=512,w=512,h=512]",D063,train
"D063_HE [d=5,x=58334,y=53028,w=5086,h=5012] [d=1,x=0,y=0,w=512,h=512]",D063,val
"D063_HE [d=5,x=58334,y=53028,w=5086,h=5012] [d=1,x=0,y=256,w=512,h=512]",D063,train
"D063_HE [d=5,x=58334,y=53028,w=5086,h=5012] [d=1,x=0,y=512,w=512,h=512]",D063,train
"D063_HE [d=5,x=58334,y=53028,w=5086,h=5012] [d=1,x=0,y=768,w=512,h=512]",D063,train
"D063_HE [d=5,x=58334,y=53028,w=5086,h=5012] [d=1,x=256,y=0,w=512,h=512]",D063,train
"D063_HE [d=5,x=58334,y=53028,w=5086,h=5012] [d=1,x=256,y=256,w=512,h=512]",D063,val
"D063_HE [d=5,x=58334,y=53028,w=5086,h=5012] [d=1,x=256,y=512,w=512,h=512]",D063,train
"D063_HE [d=5,x=58334,y=53028,w=5086,h=5012] [d=1,x=256,y=768,w=512,h=512]",D063,train
"D063_HE [d=5,x=58334,y=53028,w=5086,h=5012] [d=1,x=512,y=0,w=512,h=512]",D063,val
"D063_HE [d=5,x=58334,y=53028,w=5086,h=5012] [d=1,x=512,y=256,w=512,h=512]",D063,train
"D063_HE [d=5,x=58334,y=53028,w=5086,h=5012] [d=1,x=512,y=512,w=512,h=512]",D063,train
"D063_HE [d=5,x=58334,y=53028,w=5086,h=5012] [d=1,x=512,y=768,w=512,h=512]",D063,train
"D063_HE [d=5,x=58334,y=53028,w=5086,h=5012] [d=1,x=768,y=0,w=512,h=512]",D063,train
"D063_HE [d=5,x=58334,y=53028,w=5086,h=5012] [d=1,x=768,y=256,w=512,h=512]",D063,train
"D063_HE [d=5,x=58334,y=53028,w=5086,h=5012] [d=1,x=768,y=512,w=512,h=512]",D063,train
"D063_HE [d=5,x=58334,y=53028,w=5086,h=5012] [d=1,x=768,y=768,w=512,h=512]",D063,train
"D065_HE [d=5,x=5371,y=10340,w=2943,h=2837] [d=1,x=0,y=0,w=512,h=512]",D065,val
"D065_HE [d=5,x=5371,y=10340,w=2943,h=2837] [d=1,x=0,y=256,w=512,h=512]",D065,train
"D065_HE [d=5,x=5371,y=10340,w=2943,h=2837] [d=1,x=0,y=512,w=512,h=512]",D065,train
"D065_HE [d=5,x=5371,y=10340,w=2943,h=2837] [d=1,x=256,y=0,w=512,h=512]",D065,train
"D065_HE [d=5,x=5371,y=10340,w=2943,h=2837] [d=1,x=256,y=256,w=512,h=512]",D065,val
"D065_HE [d=5,x=5371,y=10340,w=2943,h=2837] [d=1,x=256,y=512,w=512,h=512]",D065,train
"D065_HE [d=5,x=5371,y=10340,w=2943,h=2837] [d=1,x=512,y=0,w=512,h=512]",D065,train
"D065_HE [d=5,x=5371,y=10340,w=2943,h=2837] [d=1,x=512,y=256,w=512,h=512]",D065,val
"D065_HE [d=5,x=5371,y=10340,w=2943,h=2837] [d=1,x=512,y=512,w=512,h=512]",D065,train
"D06_HE [d=5,x=14019,y=22177,w=5815,h=2716] [d=1,x=0,y=0,w=512,h=512]",D006,train
"D06_HE [d=5,x=14019,y=22177,w=5815,h=2716] [d=1,x=0,y=256,w=512,h=512]",D006,train
"D06_HE [d=5,x=14019,y=22177,w=5815,h=2716] [d=1,x=0,y=512,w=512,h=512]",D006,train
"D06_HE [d=5,x=14019,y=22177,w=5815,h=2716] [d=1,x=1024,y=0,w=512,h=512]",D006,val
"D06_HE [d=5,x=14019,y=22177,w=5815,h=2716] [d=1,x=1024,y=256,w=512,h=512]",D006,train
"D06_HE [d=5,x=14019,y=22177,w=5815,h=2716] [d=1,x=1024,y=512,w=512,h=512]",D006,val
"D06_HE [d=5,x=14019,y=22177,w=5815,h=2716] [d=1,x=256,y=0,w=512,h=512]",D006,train
"D06_HE [d=5,x=14019,y=22177,w=5815,h=2716] [d=1,x=256,y=256,w=512,h=512]",D006,train
"D06_HE [d=5,x=14019,y=22177,w=5815,h=2716] [d=1,x=256,y=512,w=512,h=512]",D006,val
"D06_HE [d=5,x=14019,y=22177,w=5815,h=2716] [d=1,x=512,y=0,w=512,h=512]",D006,train
"D06_HE [d=5,x=14019,y=22177,w=5815,h=2716] [d=1,x=512,y=256,w=512,h=512]",D006,train
"D06_HE [d=5,x=14019,y=22177,w=5815,h=2716] [d=1,x=512,y=512,w=512,h=512]",D006,train
"D06_HE [d=5,x=14019,y=22177,w=5815,h=2716] [d=1,x=768,y=0,w=512,h=512]",D006,train
"D06_HE [d=5,x=14019,y=22177,w=5815,h=2716] [d=1,x=768,y=256,w=512,h=512]",D006,val
"D06_HE [d=5,x=14019,y=22177,w=5815,h=2716] [d=1,x=768,y=512,w=512,h=512]",D006,train
"D06_HE [d=5,x=17233,y=21322,w=4116,h=3691] [d=1,x=0,y=0,w=512,h=512]",D006,train
"D06_HE [d=5,x=17233,y=21322,w=4116,h=3691] [d=1,x=0,y=256,w=512,h=512]",D006,val
"D06_HE [d=5,x=17233,y=21322,w=4116,h=3691] [d=1,x=0,y=512,w=512,h=512]",D006,val
"D06_HE [d=5,x=17233,y=21322,w=4116,h=3691] [d=1,x=256,y=0,w=512,h=512]",D006,train
"D06_HE [d=5,x=17233,y=21322,w=4116,h=3691] [d=1,x=256,y=256,w=512,h=512]",D006,train
"D06_HE [d=5,x=17233,y=21322,w=4116,h=3691] [d=1,x=256,y=512,w=512,h=512]",D006,train
"D06_HE [d=5,x=17233,y=21322,w=4116,h=3691] [d=1,x=512,y=0,w=512,h=512]",D006,train
"D06_HE [d=5,x=17233,y=21322,w=4116,h=3691] [d=1,x=512,y=256,w=512,h=512]",D006,train
"D06_HE [d=5,x=17233,y=21322,w=4116,h=3691] [d=1,x=512,y=512,w=512,h=512]",D006,train
"D06_HE [d=5,x=17233,y=21322,w=4116,h=3691] [d=1,x=768,y=0,w=512,h=512]",D006,train
"D06_HE [d=5,x=17233,y=21322,w=4116,h=3691] [d=1,x=768,y=256,w=512,h=512]",D006,train
"D06_HE [d=5,x=17233,y=21322,w=4116,h=3691] [d=1,x=768,y=512,w=512,h=512]",D006,train
"D06_HE [d=5,x=18666,y=11161,w=3854,h=3584] [d=1,x=0,y=0,w=512,h=512]",D006,train
"D06_HE [d=5,x=18666,y=11161,w=3854,h=3584] [d=1,x=0,y=256,w=512,h=512]",D006,train
"D06_HE [d=5,x=18666,y=11161,w=3854,h=3584] [d=1,x=0,y=512,w=512,h=512]",D006,train
"D06_HE [d=5,x=18666,y=11161,w=3854,h=3584] [d=1,x=256,y=0,w=512,h=512]",D006,train
"D06_HE [d=5,x=18666,y=11161,w=3854,h=3584] [d=1,x=256,y=256,w=512,h=512]",D006,train
"D06_HE [d=5,x=18666,y=11161,w=3854,h=3584] [d=1,x=256,y=512,w=512,h=512]",D006,val
"D06_HE [d=5,x=18666,y=11161,w=3854,h=3584] [d=1,x=512,y=0,w=512,h=512]",D006,train
"D06_HE [d=5,x=18666,y=11161,w=3854,h=3584] [d=1,x=512,y=256,w=512,h=512]",D006,train
"D06_HE [d=5,x=18666,y=11161,w=3854,h=3584] [d=1,x=512,y=512,w=512,h=512]",D006,train
"D06_HE [d=5,x=18666,y=11161,w=3854,h=3584] [d=1,x=768,y=0,w=512,h=512]",D006,train
"D06_HE [d=5,x=18666,y=11161,w=3854,h=3584] [d=1,x=768,y=256,w=512,h=512]",D006,train
"D06_HE [d=5,x=18666,y=11161,w=3854,h=3584] [d=1,x=768,y=512,w=512,h=512]",D006,train
"D06_HE [d=5,x=5603,y=6035,w=8168,h=5489] [d=1,x=0,y=0,w=512,h=512]",D006,val
"D06_HE [d=5,x=5603,y=6035,w=8168,h=5489] [d=1,x=0,y=1024,w=512,h=512]",D006,val
"D06_HE [d=5,x=5603,y=6035,w=8168,h=5489] [d=1,x=0,y=256,w=512,h=512]",D006,train
"D06_HE [d=5,x=5603,y=6035,w=8168,h=5489] [d=1,x=0,y=512,w=512,h=512]",D006,train
"D06_HE [d=5,x=5603,y=6035,w=8168,h=5489] [d=1,x=0,y=768,w=512,h=512]",D006,train
"D06_HE [d=5,x=5603,y=6035,w=8168,h=5489] [d=1,x=1024,y=0,w=512,h=512]",D006,val
"D06_HE [d=5,x=5603,y=6035,w=8168,h=5489] [d=1,x=1024,y=1024,w=512,h=512]",D006,train
"D06_HE [d=5,x=5603,y=6035,w=8168,h=5489] [d=1,x=1024,y=256,w=512,h=512]",D006,train
"D06_HE [d=5,x=5603,y=6035,w=8168,h=5489] [d=1,x=1024,y=512,w=512,h=512]",D006,train
"D06_HE [d=5,x=5603,y=6035,w=8168,h=5489] [d=1,x=1024,y=768,w=512,h=512]",D006,val
"D06_HE [d=5,x=5603,y=6035,w=8168,h=5489] [d=1,x=1280,y=0,w=512,h=512]",D006,train
"D06_HE [d=5,x=5603,y=6035,w=8168,h=5489] [d=1,x=1280,y=1024,w=512,h=512]",D006,train
"D06_HE [d=5,x=5603,y=6035,w=8168,h=5489] [d=1,x=1280,y=256,w=512,h=512]",D006,train
"D06_HE [d=5,x=5603,y=6035,w=8168,h=5489] [d=1,x=1280,y=512,w=512,h=512]",D006,val
"D06_HE [d=5,x=5603,y=6035,w=8168,h=5489] [d=1,x=1280,y=768,w=512,h=512]",D006,train
"D06_HE [d=5,x=5603,y=6035,w=8168,h=5489] [d=1,x=1536,y=0,w=512,h=512]",D006,val
"D06_HE [d=5,x=5603,y=6035,w=8168,h=5489] [d=1,x=1536,y=1024,w=512,h=512]",D006,train
"D06_HE [d=5,x=5603,y=6035,w=8168,h=5489] [d=1,x=1536,y=256,w=512,h=512]",D006,train
"D06_HE [d=5,x=5603,y=6035,w=8168,h=5489] [d=1,x=1536,y=512,w=512,h=512]",D006,train
"D06_HE [d=5,x=5603,y=6035,w=8168,h=5489] [d=1,x=1536,y=768,w=512,h=512]",D006,train
"D06_HE [d=5,x=5603,y=6035,w=8168,h=5489] [d=1,x=256,y=0,w=512,h=512]",D006,val
"D06_HE [d=5,x=5603,y=6035,w=8168,h=5489] [d=1,x=256,y=1024,w=512,h=512]",D006,val
"D06_HE [d=5,x=5603,y=6035,w=8168,h=5489] [d=1,x=256,y=256,w=512,h=512]",D006,train
"D06_HE [d=5,x=5603,y=6035,w=8168,h=5489] [d=1,x=256,y=512,w=512,h=512]",D006,val
"D06_HE [d=5,x=5603,y=6035,w=8168,h=5489] [d=1,x=256,y=768,w=512,h=512]",D006,val
"D06_HE [d=5,x=5603,y=6035,w=8168,h=5489] [d=1,x=512,y=0,w=512,h=512]",D006,train
"D06_HE [d=5,x=5603,y=6035,w=8168,h=5489] [d=1,x=512,y=1024,w=512,h=512]",D006,val
"D06_HE [d=5,x=5603,y=6035,w=8168,h=5489] [d=1,x=512,y=256,w=512,h=512]",D006,val
"D06_HE [d=5,x=5603,y=6035,w=8168,h=5489] [d=1,x=512,y=512,w=512,h=512]",D006,train
"D06_HE [d=5,x=5603,y=6035,w=8168,h=5489] [d=1,x=512,y=768,w=512,h=512]",D006,train
"D06_HE [d=5,x=5603,y=6035,w=8168,h=5489] [d=1,x=768,y=0,w=512,h=512]",D006,train
"D06_HE [d=5,x=5603,y=6035,w=8168,h=5489] [d=1,x=768,y=1024,w=512,h=512]",D006,train
"D06_HE [d=5,x=5603,y=6035,w=8168,h=5489] [d=1,x=768,y=256,w=512,h=512]",D006,train
"D06_HE [d=5,x=5603,y=6035,w=8168,h=5489] [d=1,x=768,y=512,w=512,h=512]",D006,train
"D06_HE [d=5,x=5603,y=6035,w=8168,h=5489] [d=1,x=768,y=768,w=512,h=512]",D006,train
"D06_HE [d=5,x=6490,y=7129,w=8026,h=4509] [d=1,x=0,y=0,w=512,h=512]",D006,train
"D06_HE [d=5,x=6490,y=7129,w=8026,h=4509] [d=1,x=0,y=256,w=512,h=512]",D006,train
"D06_HE [d=5,x=6490,y=7129,w=8026,h=4509] [d=1,x=0,y=512,w=512,h=512]",D006,train
"D06_HE [d=5,x=6490,y=7129,w=8026,h=4509] [d=1,x=0,y=768,w=512,h=512]",D006,train
"D06_HE [d=5,x=6490,y=7129,w=8026,h=4509] [d=1,x=1024,y=0,w=512,h=512]",D006,train
"D06_HE [d=5,x=6490,y=7129,w=8026,h=4509] [d=1,x=1024,y=256,w=512,h=512]",D006,val
"D06_HE [d=5,x=6490,y=7129,w=8026,h=4509] [d=1,x=1024,y=512,w=512,h=512]",D006,train
"D06_HE [d=5,x=6490,y=7129,w=8026,h=4509] [d=1,x=1024,y=768,w=512,h=512]",D006,train
"D06_HE [d=5,x=6490,y=7129,w=8026,h=4509] [d=1,x=1280,y=0,w=512,h=512]",D006,train
"D06_HE [d=5,x=6490,y=7129,w=8026,h=4509] [d=1,x=1280,y=256,w=512,h=512]",D006,train
"D06_HE [d=5,x=6490,y=7129,w=8026,h=4509] [d=1,x=1280,y=512,w=512,h=512]",D006,train
"D06_HE [d=5,x=6490,y=7129,w=8026,h=4509] [d=1,x=1280,y=768,w=512,h=512]",D006,train
"D06_HE [d=5,x=6490,y=7129,w=8026,h=4509] [d=1,x=1536,y=0,w=512,h=512]",D006,train
"D06_HE [d=5,x=6490,y=7129,w=8026,h=4509] [d=1,x=1536,y=256,w=512,h=512]",D006,train
"D06_HE [d=5,x=6490,y=7129,w=8026,h=4509] [d=1,x=1536,y=512,w=512,h=512]",D006,train
"D06_HE [d=5,x=6490,y=7129,w=8026,h=4509] [d=1,x=1536,y=768,w=512,h=512]",D006,train
"D06_HE [d=5,x=6490,y=7129,w=8026,h=4509] [d=1,x=256,y=0,w=512,h=512]",D006,train
"D06_HE [d=5,x=6490,y=7129,w=8026,h=4509] [d=1,x=256,y=256,w=512,h=512]",D006,train
"D06_HE [d=5,x=6490,y=7129,w=8026,h=4509] [d=1,x=256,y=512,w=512,h=512]",D006,val
"D06_HE [d=5,x=6490,y=7129,w=8026,h=4509] [d=1,x=256,y=768,w=512,h=512]",D006,train
"D06_HE [d=5,x=6490,y=7129,w=8026,h=4509] [d=1,x=512,y=0,w=512,h=512]",D006,train
"D06_HE [d=5,x=6490,y=7129,w=8026,h=4509] [d=1,x=512,y=256,w=512,h=512]",D006,train
"D06_HE [d=5,x=6490,y=7129,w=8026,h=4509] [d=1,x=512,y=512,w=512,h=512]",D006,train
"D06_HE [d=5,x=6490,y=7129,w=8026,h=4509] [d=1,x=512,y=768,w=512,h=512]",D006,val
"D06_HE [d=5,x=6490,y=7129,w=8026,h=4509] [d=1,x=768,y=0,w=512,h=512]",D006,train
"D06_HE [d=5,x=6490,y=7129,w=8026,h=4509] [d=1,x=768,y=256,w=512,h=512]",D006,train
"D06_HE [d=5,x=6490,y=7129,w=8026,h=4509] [d=1,x=768,y=512,w=512,h=512]",D006,val
"D06_HE [d=5,x=6490,y=7129,w=8026,h=4509] [d=1,x=768,y=768,w=512,h=512]",D006,train
"D07_HE [d=5,x=54893,y=47782,w=1901,h=1333] [d=1,x=0,y=0,w=512,h=512]",D007,train
"D07_HE [d=5,x=54893,y=47782,w=1901,h=1333] [d=1,x=0,y=256,w=512,h=512]",D007,val
"D07_HE [d=5,x=54893,y=47782,w=1901,h=1333] [d=1,x=256,y=0,w=512,h=512]",D007,train
"D07_HE [d=5,x=54893,y=47782,w=1901,h=1333] [d=1,x=256,y=256,w=512,h=512]",D007,train
"D07_HE [d=5,x=60601,y=33586,w=3014,h=2962] [d=1,x=0,y=0,w=512,h=512]",D007,train
"D07_HE [d=5,x=60601,y=33586,w=3014,h=2962] [d=1,x=0,y=256,w=512,h=512]",D007,val
"D07_HE [d=5,x=60601,y=33586,w=3014,h=2962] [d=1,x=0,y=512,w=512,h=512]",D007,val
"D07_HE [d=5,x=60601,y=33586,w=3014,h=2962] [d=1,x=256,y=0,w=512,h=512]",D007,train
"D07_HE [d=5,x=60601,y=33586,w=3014,h=2962] [d=1,x=256,y=256,w=512,h=512]",D007,train
"D07_HE [d=5,x=60601,y=33586,w=3014,h=2962] [d=1,x=256,y=512,w=512,h=512]",D007,train
"D07_HE [d=5,x=60601,y=33586,w=3014,h=2962] [d=1,x=512,y=0,w=512,h=512]",D007,train
"D07_HE [d=5,x=60601,y=33586,w=3014,h=2962] [d=1,x=512,y=256,w=512,h=512]",D007,train
"D07_HE [d=5,x=60601,y=33586,w=3014,h=2962] [d=1,x=512,y=512,w=512,h=512]",D007,train
"D07_HE [d=5,x=69089,y=51733,w=1658,h=1952] [d=1,x=0,y=0,w=512,h=512]",D007,train
"D07_HE [d=5,x=69089,y=51733,w=1658,h=1952] [d=1,x=0,y=256,w=512,h=512]",D007,val
"D07_HE [d=5,x=69089,y=51733,w=1658,h=1952] [d=1,x=256,y=0,w=512,h=512]",D007,train
"D07_HE [d=5,x=69089,y=51733,w=1658,h=1952] [d=1,x=256,y=256,w=512,h=512]",D007,train
"D093_L_HE [d=5,x=49676,y=54025,w=6479,h=4781] [d=1,x=0,y=0,w=512,h=512]",D093_L,train
"D093_L_HE [d=5,x=49676,y=54025,w=6479,h=4781] [d=1,x=0,y=256,w=512,h=512]",D093_L,train
"D093_L_HE [d=5,x=49676,y=54025,w=6479,h=4781] [d=1,x=0,y=512,w=512,h=512]",D093_L,train
"D093_L_HE [d=5,x=49676,y=54025,w=6479,h=4781] [d=1,x=0,y=768,w=512,h=512]",D093_L,val
"D093_L_HE [d=5,x=49676,y=54025,w=6479,h=4781] [d=1,x=1024,y=0,w=512,h=512]",D093_L,train
"D093_L_HE [d=5,x=49676,y=54025,w=6479,h=4781] [d=1,x=1024,y=256,w=512,h=512]",D093_L,train
"D093_L_HE [d=5,x=49676,y=54025,w=6479,h=4781] [d=1,x=1024,y=512,w=512,h=512]",D093_L,train
"D093_L_HE [d=5,x=49676,y=54025,w=6479,h=4781] [d=1,x=1024,y=768,w=512,h=512]",D093_L,train
"D093_L_HE [d=5,x=49676,y=54025,w=6479,h=4781] [d=1,x=1280,y=0,w=512,h=512]",D093_L,train
"D093_L_HE [d=5,x=49676,y=54025,w=6479,h=4781] [d=1,x=1280,y=256,w=512,h=512]",D093_L,val
"D093_L_HE [d=5,x=49676,y=54025,w=6479,h=4781] [d=1,x=1280,y=512,w=512,h=512]",D093_L,train
"D093_L_HE [d=5,x=49676,y=54025,w=6479,h=4781] [d=1,x=1280,y=768,w=512,h=512]",D093_L,val
"D093_L_HE [d=5,x=49676,y=54025,w=6479,h=4781] [d=1,x=256,y=0,w=512,h=512]",D093_L,train
"D093_L_HE [d=5,x=49676,y=54025,w=6479,h=4781] [d=1,x=256,y=256,w=512,h=512]",D093_L,train
"D093_L_HE [d=5,x=49676,y=54025,w=6479,h=4781] [d=1,x=256,y=512,w=512,h=512]",D093_L,train
"D093_L_HE [d=5,x=49676,y=54025,w=6479,h=4781] [d=1,x=256,y=768,w=512,h=512]",D093_L,train
"D093_L_HE [d=5,x=49676,y=54025,w=6479,h=4781] [d=1,x=512,y=0,w=512,h=512]",D093_L,train
"D093_L_HE [d=5,x=49676,y=54025,w=6479,h=4781] [d=1,x=512,y=256,w=512,h=512]",D093_L,val
"D093_L_HE [d=5,x=49676,y=54025,w=6479,h=4781] [d=1,x=512,y=512,w=512,h=512]",D093_L,train
"D093_L_HE [d=5,x=49676,y=54025,w=6479,h=4781] [d=1,x=512,y=768,w=512,h=512]",D093_L,val
"D093_L_HE [d=5,x=49676,y=54025,w=6479,h=4781] [d=1,x=768,y=0,w=512,h=512]",D093_L,train
"D093_L_HE [d=5,x=49676,y=54025,w=6479,h=4781] [d=1,x=768,y=256,w=512,h=512]",D093_L,train
"D093_L_HE [d=5,x=49676,y=54025,w=6479,h=4781] [d=1,x=768,y=512,w=512,h=512]",D093_L,train
"D093_L_HE [d=5,x=49676,y=54025,w=6479,h=4781] [d=1,x=768,y=768,w=512,h=512]",D093_L,val
"D093_L_HE [d=5,x=9052,y=39973,w=7216,h=7135] [d=1,x=0,y=0,w=512,h=512]",D093_L,train
"D093_L_HE [d=5,x=9052,y=39973,w=7216,h=7135] [d=1,x=0,y=1024,w=512,h=512]",D093_L,train
"D093_L_HE [d=5,x=9052,y=39973,w=7216,h=7135] [d=1,x=0,y=1280,w=512,h=512]",D093_L,train
"D093_L_HE [d=5,x=9052,y=39973,w=7216,h=7135] [d=1,x=0,y=256,w=512,h=512]",D093_L,train
"D093_L_HE [d=5,x=9052,y=39973,w=7216,h=7135] [d=1,x=0,y=512,w=512,h=512]",D093_L,train
"D093_L_HE [d=5,x=9052,y=39973,w=7216,h=7135] [d=1,x=0,y=768,w=512,h=512]",D093_L,train
"D093_L_HE [d=5,x=9052,y=39973,w=7216,h=7135] [d=1,x=1024,y=0,w=512,h=512]",D093_L,train
"D093_L_HE [d=5,x=9052,y=39973,w=7216,h=7135] [d=1,x=1024,y=1024,w=512,h=512]",D093_L,val
"D093_L_HE [d=5,x=9052,y=39973,w=7216,h=7135] [d=1,x=1024,y=1280,w=512,h=512]",D093_L,train
"D093_L_HE [d=5,x=9052,y=39973,w=7216,h=7135] [d=1,x=1024,y=256,w=512,h=512]",D093_L,train
"D093_L_HE [d=5,x=9052,y=39973,w=7216,h=7135] [d=1,x=1024,y=512,w=512,h=512]",D093_L,train
"D093_L_HE [d=5,x=9052,y=39973,w=7216,h=7135] [d=1,x=1024,y=768,w=512,h=512]",D093_L,train
"D093_L_HE [d=5,x=9052,y=39973,w=7216,h=7135] [d=1,x=1280,y=0,w=512,h=512]",D093_L,train
"D093_L_HE [d=5,x=9052,y=39973,w=7216,h=7135] [d=1,x=1280,y=1024,w=512,h=512]",D093_L,train
"D093_L_HE [d=5,x=9052,y=39973,w=7216,h=7135] [d=1,x=1280,y=1280,w=512,h=512]",D093_L,train
"D093_L_HE [d=5,x=9052,y=39973,w=7216,h=7135] [d=1,x=1280,y=256,w=512,h=512]",D093_L,train
"D093_L_HE [d=5,x=9052,y=39973,w=7216,h=7135] [d=1,x=1280,y=512,w=512,h=512]",D093_L,train
"D093_L_HE [d=5,x=9052,y=39973,w=7216,h=7135] [d=1,x=1280,y=768,w=512,h=512]",D093_L,train
"D093_L_HE [d=5,x=9052,y=39973,w=7216,h=7135] [d=1,x=256,y=0,w=512,h=512]",D093_L,train
"D093_L_HE [d=5,x=9052,y=39973,w=7216,h=7135] [d=1,x=256,y=1024,w=512,h=512]",D093_L,train
"D093_L_HE [d=5,x=9052,y=39973,w=7216,h=7135] [d=1,x=256,y=1280,w=512,h=512]",D093_L,train
"D093_L_HE [d=5,x=9052,y=39973,w=7216,h=7135] [d=1,x=256,y=256,w=512,h=512]",D093_L,train
"D093_L_HE [d=5,x=9052,y=39973,w=7216,h=7135] [d=1,x=256,y=512,w=512,h=512]",D093_L,train
"D093_L_HE [d=5,x=9052,y=39973,w=7216,h=7135] [d=1,x=256,y=768,w=512,h=512]",D093_L,train
"D093_L_HE [d=5,x=9052,y=39973,w=7216,h=7135] [d=1,x=512,y=0,w=512,h=512]",D093_L,train
"D093_L_HE [d=5,x=9052,y=39973,w=7216,h=7135] [d=1,x=512,y=1024,w=512,h=512]",D093_L,train
"D093_L_HE [d=5,x=9052,y=39973,w=7216,h=7135] [d=1,x=512,y=1280,w=512,h=512]",D093_L,train
"D093_L_HE [d=5,x=9052,y=39973,w=7216,h=7135] [d=1,x=512,y=256,w=512,h=512]",D093_L,train
"D093_L_HE [d=5,x=9052,y=39973,w=7216,h=7135] [d=1,x=512,y=512,w=512,h=512]",D093_L,train
"D093_L_HE [d=5,x=9052,y=39973,w=7216,h=7135] [d=1,x=512,y=768,w=512,h=512]",D093_L,train
"D093_L_HE [d=5,x=9052,y=39973,w=7216,h=7135] [d=1,x=768,y=0,w=512,h=512]",D093_L,train
"D093_L_HE [d=5,x=9052,y=39973,w=7216,h=7135] [d=1,x=768,y=1024,w=512,h=512]",D093_L,train
"D093_L_HE [d=5,x=9052,y=39973,w=7216,h=7135] [d=1,x=768,y=1280,w=512,h=512]",D093_L,val
"D093_L_HE [d=5,x=9052,y=39973,w=7216,h=7135] [d=1,x=768,y=256,w=512,h=512]",D093_L,train
"D093_L_HE [d=5,x=9052,y=39973,w=7216,h=7135] [d=1,x=768,y=512,w=512,h=512]",D093_L,train
"D093_L_HE [d=5,x=9052,y=39973,w=7216,h=7135] [d=1,x=768,y=768,w=512,h=512]",D093_L,train
"D094_HE [d=5,x=15707,y=40856,w=4901,h=1589] [d=1,x=0,y=0,w=512,h=512]",D094,train
"D094_HE [d=5,x=15707,y=40856,w=4901,h=1589] [d=1,x=0,y=256,w=512,h=512]",D094,train
"D094_HE [d=5,x=15707,y=40856,w=4901,h=1589] [d=1,x=256,y=0,w=512,h=512]",D094,train
"D094_HE [d=5,x=15707,y=40856,w=4901,h=1589] [d=1,x=256,y=256,w=512,h=512]",D094,train
"D094_HE [d=5,x=15707,y=40856,w=4901,h=1589] [d=1,x=512,y=0,w=512,h=512]",D094,train
"D094_HE [d=5,x=15707,y=40856,w=4901,h=1589] [d=1,x=512,y=256,w=512,h=512]",D094,train
"D094_HE [d=5,x=15707,y=40856,w=4901,h=1589] [d=1,x=768,y=0,w=512,h=512]",D094,val
"D094_HE [d=5,x=15707,y=40856,w=4901,h=1589] [d=1,x=768,y=256,w=512,h=512]",D094,train
"D095_HE [d=5,x=10123,y=13092,w=2763,h=2747] [d=1,x=0,y=0,w=512,h=512]",D095,train
"D095_HE [d=5,x=10123,y=13092,w=2763,h=2747] [d=1,x=0,y=256,w=512,h=512]",D095,val
"D095_HE [d=5,x=10123,y=13092,w=2763,h=2747] [d=1,x=0,y=512,w=512,h=512]",D095,train
"D095_HE [d=5,x=10123,y=13092,w=2763,h=2747] [d=1,x=256,y=0,w=512,h=512]",D095,train
"D095_HE [d=5,x=10123,y=13092,w=2763,h=2747] [d=1,x=256,y=256,w=512,h=512]",D095,train
"D095_HE [d=5,x=10123,y=13092,w=2763,h=2747] [d=1,x=256,y=512,w=512,h=512]",D095,val
"D095_HE [d=5,x=10123,y=13092,w=2763,h=2747] [d=1,x=512,y=0,w=512,h=512]",D095,train
"D095_HE [d=5,x=10123,y=13092,w=2763,h=2747] [d=1,x=512,y=256,w=512,h=512]",D095,train
"D095_HE [d=5,x=10123,y=13092,w=2763,h=2747] [d=1,x=512,y=512,w=512,h=512]",D095,train
"D098_HE [d=5,x=53736,y=42069,w=6042,h=5261] [d=1,x=0,y=0,w=512,h=512]",D098,train
"D098_HE [d=5,x=53736,y=42069,w=6042,h=5261] [d=1,x=0,y=1024,w=512,h=512]",D098,train
"D098_HE [d=5,x=53736,y=42069,w=6042,h=5261] [d=1,x=0,y=256,w=512,h=512]",D098,train
"D098_HE [d=5,x=53736,y=42069,w=6042,h=5261] [d=1,x=0,y=512,w=512,h=512]",D098,train
"D098_HE [d=5,x=53736,y=42069,w=6042,h=5261] [d=1,x=0,y=768,w=512,h=512]",D098,train
"D098_HE [d=5,x=53736,y=42069,w=6042,h=5261] [d=1,x=1024,y=0,w=512,h=512]",D098,train
"D098_HE [d=5,x=53736,y=42069,w=6042,h=5261] [d=1,x=1024,y=1024,w=512,h=512]",D098,val
"D098_HE [d=5,x=53736,y=42069,w=6042,h=5261] [d=1,x=1024,y=256,w=512,h=512]",D098,train
"D098_HE [d=5,x=53736,y=42069,w=6042,h=5261] [d=1,x=1024,y=512,w=512,h=512]",D098,train
"D098_HE [d=5,x=53736,y=42069,w=6042,h=5261] [d=1,x=1024,y=768,w=512,h=512]",D098,train
"D098_HE [d=5,x=53736,y=42069,w=6042,h=5261] [d=1,x=256,y=0,w=512,h=512]",D098,train
"D098_HE [d=5,x=53736,y=42069,w=6042,h=5261] [d=1,x=256,y=1024,w=512,h=512]",D098,train
"D098_HE [d=5,x=53736,y=42069,w=6042,h=5261] [d=1,x=256,y=256,w=512,h=512]",D098,train
"D098_HE [d=5,x=53736,y=42069,w=6042,h=5261] [d=1,x=256,y=512,w=512,h=512]",D098,train
"D098_HE [d=5,x=53736,y=42069,w=6042,h=5261] [d=1,x=256,y=768,w=512,h=512]",D098,val
"D098_HE [d=5,x=53736,y=42069,w=6042,h=5261] [d=1,x=512,y=0,w=512,h=512]",D098,val
"D098_HE [d=5,x=53736,y=42069,w=6042,h=5261] [d=1,x=512,y=1024,w=512,h=512]",D098,train
"D098_HE [d=5,x=53736,y=42069,w=6042,h=5261] [d=1,x=512,y=256,w=512,h=512]",D098,train
"D098_HE [d=5,x=53736,y=42069,w=6042,h=5261] [d=1,x=512,y=512,w=512,h=512]",D098,train
"D098_HE [d=5,x=53736,y=42069,w=6042,h=5261] [d=1,x=512,y=768,w=512,h=512]",D098,train
"D098_HE [d=5,x=53736,y=42069,w=6042,h=5261] [d=1,x=768,y=0,w=512,h=512]",D098,train
"D098_HE [d=5,x=53736,y=42069,w=6042,h=5261] [d=1,x=768,y=1024,w=512,h=512]",D098,val
"D098_HE [d=5,x=53736,y=42069,w=6042,h=5261] [d=1,x=768,y=256,w=512,h=512]",D098,train
"D098_HE [d=5,x=53736,y=42069,w=6042,h=5261] [d=1,x=768,y=512,w=512,h=512]",D098,train
"D098_HE [d=5,x=53736,y=42069,w=6042,h=5261] [d=1,x=768,y=768,w=512,h=512]",D098,train
"D099_HE [d=5,x=6634,y=17448,w=3105,h=2082] [d=1,x=0,y=0,w=512,h=512]",D099,train
"D099_HE [d=5,x=6634,y=17448,w=3105,h=2082] [d=1,x=0,y=256,w=512,h=512]",D099,train
"D099_HE [d=5,x=6634,y=17448,w=3105,h=2082] [d=1,x=256,y=0,w=512,h=512]",D099,train
"D099_HE [d=5,x=6634,y=17448,w=3105,h=2082] [d=1,x=256,y=256,w=512,h=512]",D099,train
"D099_HE [d=5,x=6634,y=17448,w=3105,h=2082] [d=1,x=512,y=0,w=512,h=512]",D099,train
"D099_HE [d=5,x=6634,y=17448,w=3105,h=2082] [d=1,x=512,y=256,w=512,h=512]",D099,train
"D09_HE [d=5,x=19391,y=10245,w=3376,h=3326] [d=1,x=0,y=0,w=512,h=512]",D009,val
"D09_HE [d=5,x=19391,y=10245,w=3376,h=3326] [d=1,x=0,y=256,w=512,h=512]",D009,val
"D09_HE [d=5,x=19391,y=10245,w=3376,h=3326] [d=1,x=0,y=512,w=512,h=512]",D009,train
"D09_HE [d=5,x=19391,y=10245,w=3376,h=3326] [d=1,x=256,y=0,w=512,h=512]",D009,train
"D09_HE [d=5,x=19391,y=10245,w=3376,h=3326] [d=1,x=256,y=256,w=512,h=512]",D009,val
"D09_HE [d=5,x=19391,y=10245,w=3376,h=3326] [d=1,x=256,y=512,w=512,h=512]",D009,train
"D09_HE [d=5,x=19391,y=10245,w=3376,h=3326] [d=1,x=512,y=0,w=512,h=512]",D009,train
"D09_HE [d=5,x=19391,y=10245,w=3376,h=3326] [d=1,x=512,y=256,w=512,h=512]",D009,val
"D09_HE [d=5,x=19391,y=10245,w=3376,h=3326] [d=1,x=512,y=512,w=512,h=512]",D009,train
"D09_HE [d=5,x=23717,y=15036,w=1444,h=1450] [d=1,x=0,y=0,w=512,h=512]",D009,val
"D09_HE [d=5,x=23717,y=15036,w=1444,h=1450] [d=1,x=0,y=256,w=512,h=512]",D009,val
"D09_HE [d=5,x=23717,y=15036,w=1444,h=1450] [d=1,x=256,y=0,w=512,h=512]",D009,train
"D09_HE [d=5,x=23717,y=15036,w=1444,h=1450] [d=1,x=256,y=256,w=512,h=512]",D009,train
"D09_HE [d=5,x=24772,y=10583,w=2918,h=2513] [d=1,x=0,y=0,w=512,h=512]",D009,train
"D09_HE [d=5,x=24772,y=10583,w=2918,h=2513] [d=1,x=0,y=256,w=512,h=512]",D009,train
"D09_HE [d=5,x=24772,y=10583,w=2918,h=2513] [d=1,x=256,y=0,w=512,h=512]",D009,val
"D09_HE [d=5,x=24772,y=10583,w=2918,h=2513] [d=1,x=256,y=256,w=512,h=512]",D009,val
"D09_HE [d=5,x=24772,y=10583,w=2918,h=2513] [d=1,x=512,y=0,w=512,h=512]",D009,train
"D09_HE [d=5,x=24772,y=10583,w=2918,h=2513] [d=1,x=512,y=256,w=512,h=512]",D009,val
"D09_HE [d=5,x=33164,y=27671,w=1269,h=1543] [d=1,x=0,y=0,w=512,h=512]",D009,train
"D09_HE [d=5,x=33164,y=27671,w=1269,h=1543] [d=1,x=0,y=256,w=512,h=512]",D009,val
"D09_HE [d=5,x=3774,y=16637,w=1947,h=2115] [d=1,x=0,y=0,w=512,h=512]",D009,train
"D09_HE [d=5,x=3774,y=16637,w=1947,h=2115] [d=1,x=0,y=256,w=512,h=512]",D009,train
"D09_HE [d=5,x=3774,y=16637,w=1947,h=2115] [d=1,x=256,y=0,w=512,h=512]",D009,train
"D09_HE [d=5,x=3774,y=16637,w=1947,h=2115] [d=1,x=256,y=256,w=512,h=512]",D009,train
"D09_HE [d=5,x=4042,y=17630,w=1312,h=1478] [d=1,x=0,y=0,w=512,h=512]",D009,train
"D09_HE [d=5,x=4042,y=17630,w=1312,h=1478] [d=1,x=0,y=256,w=512,h=512]",D009,train
"D09_HE [d=5,x=4042,y=17630,w=1312,h=1478] [d=1,x=256,y=0,w=512,h=512]",D009,val
"D09_HE [d=5,x=4042,y=17630,w=1312,h=1478] [d=1,x=256,y=256,w=512,h=512]",D009,train
"D09_HE [d=5,x=41439,y=27142,w=1831,h=2640] [d=1,x=0,y=0,w=512,h=512]",D009,train
"D09_HE [d=5,x=41439,y=27142,w=1831,h=2640] [d=1,x=0,y=256,w=512,h=512]",D009,train
"D09_HE [d=5,x=41439,y=27142,w=1831,h=2640] [d=1,x=0,y=512,w=512,h=512]",D009,train
"D09_HE [d=5,x=41439,y=27142,w=1831,h=2640] [d=1,x=256,y=0,w=512,h=512]",D009,train
"D09_HE [d=5,x=41439,y=27142,w=1831,h=2640] [d=1,x=256,y=256,w=512,h=512]",D009,train
"D09_HE [d=5,x=41439,y=27142,w=1831,h=2640] [d=1,x=256,y=512,w=512,h=512]",D009,train
"D09_HE [d=5,x=41931,y=23511,w=1726,h=1556] [d=1,x=0,y=0,w=512,h=512]",D009,train
"D09_HE [d=5,x=41931,y=23511,w=1726,h=1556] [d=1,x=0,y=256,w=512,h=512]",D009,train
"D09_HE [d=5,x=41931,y=23511,w=1726,h=1556] [d=1,x=256,y=0,w=512,h=512]",D009,train
"D09_HE [d=5,x=41931,y=23511,w=1726,h=1556] [d=1,x=256,y=256,w=512,h=512]",D009,val
"D09_HE [d=5,x=48868,y=15857,w=1519,h=1540] [d=1,x=0,y=0,w=512,h=512]",D009,train
"D09_HE [d=5,x=48868,y=15857,w=1519,h=1540] [d=1,x=0,y=256,w=512,h=512]",D009,train
"D09_HE [d=5,x=48868,y=15857,w=1519,h=1540] [d=1,x=256,y=0,w=512,h=512]",D009,val
"D09_HE [d=5,x=48868,y=15857,w=1519,h=1540] [d=1,x=256,y=256,w=512,h=512]",D009,train
"D09_HE [d=5,x=53842,y=29642,w=5000,h=5000] [d=1,x=0,y=0,w=512,h=512]",D009,val
"D09_HE [d=5,x=53842,y=29642,w=5000,h=5000] [d=1,x=0,y=256,w=512,h=512]",D009,train
"D09_HE [d=5,x=53842,y=29642,w=5000,h=5000] [d=1,x=0,y=512,w=512,h=512]",D009,train
"D09_HE [d=5,x=53842,y=29642,w=5000,h=5000] [d=1,x=0,y=768,w=512,h=512]",D009,train
"D09_HE [d=5,x=53842,y=29642,w=5000,h=5000] [d=1,x=256,y=0,w=512,h=512]",D009,train
"D09_HE [d=5,x=53842,y=29642,w=5000,h=5000] [d=1,x=256,y=256,w=512,h=512]",D009,train
"D09_HE [d=5,x=53842,y=29642,w=5000,h=5000] [d=1,x=256,y=512,w=512,h=512]",D009,val
"D09_HE [d=5,x=53842,y=29642,w=5000,h=5000] [d=1,x=256,y=768,w=512,h=512]",D009,train
"D09_HE [d=5,x=53842,y=29642,w=5000,h=5000] [d=1,x=512,y=0,w=512,h=512]",D009,train
"D09_HE [d=5,x=53842,y=29642,w=5000,h=5000] [d=1,x=512,y=256,w=512,h=512]",D009,train
"D09_HE [d=5,x=53842,y=29642,w=5000,h=5000] [d=1,x=512,y=512,w=512,h=512]",D009,val
"D09_HE [d=5,x=53842,y=29642,w=5000,h=5000] [d=1,x=512,y=768,w=512,h=512]",D009,val
"D09_HE [d=5,x=53842,y=29642,w=5000,h=5000] [d=1,x=768,y=0,w=512,h=512]",D009,train
"D09_HE [d=5,x=53842,y=29642,w=5000,h=5000] [d=1,x=768,y=256,w=512,h=512]",D009,train
"D09_HE [d=5,x=53842,y=29642,w=5000,h=5000] [d=1,x=768,y=512,w=512,h=512]",D009,val
"D09_HE [d=5,x=53842,y=29642,w=5000,h=5000] [d=1,x=768,y=768,w=512,h=512]",D009,train
"D09_HE [d=5,x=54908,y=40143,w=3007,h=2887] [d=1,x=0,y=0,w=512,h=512]",D009,train
"D09_HE [d=5,x=54908,y=40143,w=3007,h=2887] [d=1,x=0,y=256,w=512,h=512]",D009,train
"D09_HE [d=5,x=54908,y=40143,w=3007,h=2887] [d=1,x=0,y=512,w=512,h=512]",D009,train
"D09_HE [d=5,x=54908,y=40143,w=3007,h=2887] [d=1,x=256,y=0,w=512,h=512]",D009,train
"D09_HE [d=5,x=54908,y=40143,w=3007,h=2887] [d=1,x=256,y=256,w=512,h=512]",D009,val
"D09_HE [d=5,x=54908,y=40143,w=3007,h=2887] [d=1,x=256,y=512,w=512,h=512]",D009,train
"D09_HE [d=5,x=54908,y=40143,w=3007,h=2887] [d=1,x=512,y=0,w=512,h=512]",D009,train
"D09_HE [d=5,x=54908,y=40143,w=3007,h=2887] [d=1,x=512,y=256,w=512,h=512]",D009,train
"D09_HE [d=5,x=54908,y=40143,w=3007,h=2887] [d=1,x=512,y=512,w=512,h=512]",D009,train
"D101_HE [d=5,x=48517,y=56598,w=3137,h=3447] [d=1,x=0,y=0,w=512,h=512]",D101,train
"D101_HE [d=5,x=48517,y=56598,w=3137,h=3447] [d=1,x=0,y=256,w=512,h=512]",D101,val
"D101_HE [d=5,x=48517,y=56598,w=3137,h=3447] [d=1,x=0,y=512,w=512,h=512]",D101,train
"D101_HE [d=5,x=48517,y=56598,w=3137,h=3447] [d=1,x=256,y=0,w=512,h=512]",D101,train
"D101_HE [d=5,x=48517,y=56598,w=3137,h=3447] [d=1,x=256,y=256,w=512,h=512]",D101,train
"D101_HE [d=5,x=48517,y=56598,w=3137,h=3447] [d=1,x=256,y=512,w=512,h=512]",D101,train
"D101_HE [d=5,x=48517,y=56598,w=3137,h=3447] [d=1,x=512,y=0,w=512,h=512]",D101,train
"D101_HE [d=5,x=48517,y=56598,w=3137,h=3447] [d=1,x=512,y=256,w=512,h=512]",D101,train
"D101_HE [d=5,x=48517,y=56598,w=3137,h=3447] [d=1,x=512,y=512,w=512,h=512]",D101,train
"D10_HE [d=5,x=101206,y=48490,w=2150,h=2167] [d=1,x=0,y=0,w=512,h=512]",D010,train
"D10_HE [d=5,x=101206,y=48490,w=2150,h=2167] [d=1,x=0,y=256,w=512,h=512]",D010,train
"D10_HE [d=5,x=101206,y=48490,w=2150,h=2167] [d=1,x=256,y=0,w=512,h=512]",D010,train
"D10_HE [d=5,x=101206,y=48490,w=2150,h=2167] [d=1,x=256,y=256,w=512,h=512]",D010,val
"D10_HE [d=5,x=102495,y=31297,w=854,h=1221] [d=1,x=0,y=0,w=512,h=512]",D010,train
"D10_HE [d=5,x=104694,y=33428,w=1391,h=1516] [d=1,x=0,y=0,w=512,h=512]",D010,train
"D10_HE [d=5,x=104694,y=33428,w=1391,h=1516] [d=1,x=0,y=256,w=512,h=512]",D010,val
"D10_HE [d=5,x=104694,y=33428,w=1391,h=1516] [d=1,x=256,y=0,w=512,h=512]",D010,train
"D10_HE [d=5,x=104694,y=33428,w=1391,h=1516] [d=1,x=256,y=256,w=512,h=512]",D010,train
"D10_HE [d=5,x=106402,y=47012,w=2444,h=2428] [d=1,x=0,y=0,w=512,h=512]",D010,val
"D10_HE [d=5,x=106402,y=47012,w=2444,h=2428] [d=1,x=0,y=256,w=512,h=512]",D010,val
"D10_HE [d=5,x=106402,y=47012,w=2444,h=2428] [d=1,x=256,y=0,w=512,h=512]",D010,val
"D10_HE [d=5,x=106402,y=47012,w=2444,h=2428] [d=1,x=256,y=256,w=512,h=512]",D010,val
"D10_HE [d=5,x=106714,y=47158,w=1821,h=1769] [d=1,x=0,y=0,w=512,h=512]",D010,train
"D10_HE [d=5,x=106714,y=47158,w=1821,h=1769] [d=1,x=0,y=256,w=512,h=512]",D010,train
"D10_HE [d=5,x=106714,y=47158,w=1821,h=1769] [d=1,x=256,y=0,w=512,h=512]",D010,val
"D10_HE [d=5,x=106714,y=47158,w=1821,h=1769] [d=1,x=256,y=256,w=512,h=512]",D010,val
"D10_HE [d=5,x=108874,y=57776,w=1653,h=1867] [d=1,x=0,y=0,w=512,h=512]",D010,train
"D10_HE [d=5,x=108874,y=57776,w=1653,h=1867] [d=1,x=0,y=256,w=512,h=512]",D010,val
"D10_HE [d=5,x=108874,y=57776,w=1653,h=1867] [d=1,x=256,y=0,w=512,h=512]",D010,train
"D10_HE [d=5,x=108874,y=57776,w=1653,h=1867] [d=1,x=256,y=256,w=512,h=512]",D010,train
"D10_HE [d=5,x=42950,y=38101,w=2267,h=2332] [d=1,x=0,y=0,w=512,h=512]",D010,train
"D10_HE [d=5,x=42950,y=38101,w=2267,h=2332] [d=1,x=0,y=256,w=512,h=512]",D010,train
"D10_HE [d=5,x=42950,y=38101,w=2267,h=2332] [d=1,x=256,y=0,w=512,h=512]",D010,train
"D10_HE [d=5,x=42950,y=38101,w=2267,h=2332] [d=1,x=256,y=256,w=512,h=512]",D010,train
"D10_HE [d=5,x=45235,y=36269,w=1388,h=1643] [d=1,x=0,y=0,w=512,h=512]",D010,train
"D10_HE [d=5,x=45235,y=36269,w=1388,h=1643] [d=1,x=0,y=256,w=512,h=512]",D010,train
"D10_HE [d=5,x=45235,y=36269,w=1388,h=1643] [d=1,x=256,y=0,w=512,h=512]",D010,train
"D10_HE [d=5,x=45235,y=36269,w=1388,h=1643] [d=1,x=256,y=256,w=512,h=512]",D010,train
"D10_HE [d=5,x=51614,y=46457,w=2426,h=2444] [d=1,x=0,y=0,w=512,h=512]",D010,train
"D10_HE [d=5,x=51614,y=46457,w=2426,h=2444] [d=1,x=0,y=256,w=512,h=512]",D010,train
"D10_HE [d=5,x=51614,y=46457,w=2426,h=2444] [d=1,x=256,y=0,w=512,h=512]",D010,train
"D10_HE [d=5,x=51614,y=46457,w=2426,h=2444] [d=1,x=256,y=256,w=512,h=512]",D010,train
"D10_HE [d=5,x=90647,y=60088,w=2776,h=2504] [d=1,x=0,y=0,w=512,h=512]",D010,val
"D10_HE [d=5,x=90647,y=60088,w=2776,h=2504] [d=1,x=0,y=256,w=512,h=512]",D010,train
"D10_HE [d=5,x=90647,y=60088,w=2776,h=2504] [d=1,x=256,y=0,w=512,h=512]",D010,train
"D10_HE [d=5,x=90647,y=60088,w=2776,h=2504] [d=1,x=256,y=256,w=512,h=512]",D010,train
"D10_HE [d=5,x=90647,y=60088,w=2776,h=2504] [d=1,x=512,y=0,w=512,h=512]",D010,val
"D10_HE [d=5,x=90647,y=60088,w=2776,h=2504] [d=1,x=512,y=256,w=512,h=512]",D010,train
"D10_HE [d=5,x=95266,y=30226,w=5000,h=4088] [d=1,x=0,y=0,w=512,h=512]",D010,train
"D10_HE [d=5,x=95266,y=30226,w=5000,h=4088] [d=1,x=0,y=256,w=512,h=512]",D010,train
"D10_HE [d=5,x=95266,y=30226,w=5000,h=4088] [d=1,x=0,y=512,w=512,h=512]",D010,train
"D10_HE [d=5,x=95266,y=30226,w=5000,h=4088] [d=1,x=0,y=768,w=512,h=512]",D010,train
"D10_HE [d=5,x=95266,y=30226,w=5000,h=4088] [d=1,x=256,y=0,w=512,h=512]",D010,train
"D10_HE [d=5,x=95266,y=30226,w=5000,h=4088] [d=1,x=256,y=256,w=512,h=512]",D010,train
"D10_HE [d=5,x=95266,y=30226,w=5000,h=4088] [d=1,x=256,y=512,w=512,h=512]",D010,val
"D10_HE [d=5,x=95266,y=30226,w=5000,h=4088] [d=1,x=256,y=768,w=512,h=512]",D010,train
"D10_HE [d=5,x=95266,y=30226,w=5000,h=4088] [d=1,x=512,y=0,w=512,h=512]",D010,train
"D10_HE [d=5,x=95266,y=30226,w=5000,h=4088] [d=1,x=512,y=256,w=512,h=512]",D010,train
"D10_HE [d=5,x=95266,y=30226,w=5000,h=4088] [d=1,x=512,y=512,w=512,h=512]",D010,train
"D10_HE [d=5,x=95266,y=30226,w=5000,h=4088] [d=1,x=512,y=768,w=512,h=512]",D010,train
"D10_HE [d=5,x=95266,y=30226,w=5000,h=4088] [d=1,x=768,y=0,w=512,h=512]",D010,train
"D10_HE [d=5,x=95266,y=30226,w=5000,h=4088] [d=1,x=768,y=256,w=512,h=512]",D010,train
"D10_HE [d=5,x=95266,y=30226,w=5000,h=4088] [d=1,x=768,y=512,w=512,h=512]",D010,train
"D10_HE [d=5,x=95266,y=30226,w=5000,h=4088] [d=1,x=768,y=768,w=512,h=512]",D010,train
"D10_HE [d=5,x=98598,y=55796,w=3256,h=3460] [d=1,x=0,y=0,w=512,h=512]",D010,train
"D10_HE [d=5,x=98598,y=55796,w=3256,h=3460] [d=1,x=0,y=256,w=512,h=512]",D010,train
"D10_HE [d=5,x=98598,y=55796,w=3256,h=3460] [d=1,x=0,y=512,w=512,h=512]",D010,train
"D10_HE [d=5,x=98598,y=55796,w=3256,h=3460] [d=1,x=256,y=0,w=512,h=512]",D010,train
"D10_HE [d=5,x=98598,y=55796,w=3256,h=3460] [d=1,x=256,y=256,w=512,h=512]",D010,val
"D10_HE [d=5,x=98598,y=55796,w=3256,h=3460] [d=1,x=256,y=512,w=512,h=512]",D010,train
"D10_HE [d=5,x=98598,y=55796,w=3256,h=3460] [d=1,x=512,y=0,w=512,h=512]",D010,val
"D10_HE [d=5,x=98598,y=55796,w=3256,h=3460] [d=1,x=512,y=256,w=512,h=512]",D010,val
"D10_HE [d=5,x=98598,y=55796,w=3256,h=3460] [d=1,x=512,y=512,w=512,h=512]",D010,train
"D10_HE [d=5,x=98690,y=37069,w=1436,h=1181] [d=1,x=0,y=0,w=512,h=512]",D010,train
"D10_HE [d=5,x=98690,y=37069,w=1436,h=1181] [d=1,x=256,y=0,w=512,h=512]",D010,train
"D11_HE [d=5,x=11652,y=7363,w=2079,h=1915] [d=1,x=0,y=0,w=512,h=512]",D011,train
"D11_HE [d=5,x=11652,y=7363,w=2079,h=1915] [d=1,x=0,y=256,w=512,h=512]",D011,train
"D11_HE [d=5,x=11652,y=7363,w=2079,h=1915] [d=1,x=256,y=0,w=512,h=512]",D011,train
"D11_HE [d=5,x=11652,y=7363,w=2079,h=1915] [d=1,x=256,y=256,w=512,h=512]",D011,train
"D11_HE [d=5,x=14429,y=4716,w=2419,h=2913] [d=1,x=0,y=0,w=512,h=512]",D011,train
"D11_HE [d=5,x=14429,y=4716,w=2419,h=2913] [d=1,x=0,y=256,w=512,h=512]",D011,train
"D11_HE [d=5,x=14429,y=4716,w=2419,h=2913] [d=1,x=0,y=512,w=512,h=512]",D011,train
"D11_HE [d=5,x=14429,y=4716,w=2419,h=2913] [d=1,x=256,y=0,w=512,h=512]",D011,train
"D11_HE [d=5,x=14429,y=4716,w=2419,h=2913] [d=1,x=256,y=256,w=512,h=512]",D011,train
"D11_HE [d=5,x=14429,y=4716,w=2419,h=2913] [d=1,x=256,y=512,w=512,h=512]",D011,val
"D11_HE [d=5,x=14856,y=9036,w=1762,h=1789] [d=1,x=0,y=0,w=512,h=512]",D011,train
"D11_HE [d=5,x=14856,y=9036,w=1762,h=1789] [d=1,x=0,y=256,w=512,h=512]",D011,train
"D11_HE [d=5,x=14856,y=9036,w=1762,h=1789] [d=1,x=256,y=0,w=512,h=512]",D011,train
"D11_HE [d=5,x=14856,y=9036,w=1762,h=1789] [d=1,x=256,y=256,w=512,h=512]",D011,val
"D123_HE [d=5,x=18158,y=23006,w=8597,h=6351] [d=1,x=0,y=0,w=512,h=512]",D123,train
"D123_HE [d=5,x=18158,y=23006,w=8597,h=6351] [d=1,x=0,y=1024,w=512,h=512]",D123,train
"D123_HE [d=5,x=18158,y=23006,w=8597,h=6351] [d=1,x=0,y=256,w=512,h=512]",D123,train
"D123_HE [d=5,x=18158,y=23006,w=8597,h=6351] [d=1,x=0,y=512,w=512,h=512]",D123,train
"D123_HE [d=5,x=18158,y=23006,w=8597,h=6351] [d=1,x=0,y=768,w=512,h=512]",D123,train
"D123_HE [d=5,x=18158,y=23006,w=8597,h=6351] [d=1,x=1024,y=0,w=512,h=512]",D123,train
"D123_HE [d=5,x=18158,y=23006,w=8597,h=6351] [d=1,x=1024,y=1024,w=512,h=512]",D123,train
"D123_HE [d=5,x=18158,y=23006,w=8597,h=6351] [d=1,x=1024,y=256,w=512,h=512]",D123,train
"D123_HE [d=5,x=18158,y=23006,w=8597,h=6351] [d=1,x=1024,y=512,w=512,h=512]",D123,train
"D123_HE [d=5,x=18158,y=23006,w=8597,h=6351] [d=1,x=1024,y=768,w=512,h=512]",D123,train
"D123_HE [d=5,x=18158,y=23006,w=8597,h=6351] [d=1,x=1280,y=0,w=512,h=512]",D123,val
"D123_HE [d=5,x=18158,y=23006,w=8597,h=6351] [d=1,x=1280,y=1024,w=512,h=512]",D123,train
"D123_HE [d=5,x=18158,y=23006,w=8597,h=6351] [d=1,x=1280,y=256,w=512,h=512]",D123,val
"D123_HE [d=5,x=18158,y=23006,w=8597,h=6351] [d=1,x=1280,y=512,w=512,h=512]",D123,train
"D123_HE [d=5,x=18158,y=23006,w=8597,h=6351] [d=1,x=1280,y=768,w=512,h=512]",D123,train
"D123_HE [d=5,x=18158,y=23006,w=8597,h=6351] [d=1,x=1536,y=0,w=512,h=512]",D123,val
"D123_HE [d=5,x=18158,y=23006,w=8597,h=6351] [d=1,x=1536,y=1024,w=512,h=512]",D123,train
"D123_HE [d=5,x=18158,y=23006,w=8597,h=6351] [d=1,x=1536,y=256,w=512,h=512]",D123,train
"D123_HE [d=5,x=18158,y=23006,w=8597,h=6351] [d=1,x=1536,y=512,w=512,h=512]",D123,train
"D123_HE [d=5,x=18158,y=23006,w=8597,h=6351] [d=1,x=1536,y=768,w=512,h=512]",D123,train
"D123_HE [d=5,x=18158,y=23006,w=8597,h=6351] [d=1,x=256,y=0,w=512,h=512]",D123,train
"D123_HE [d=5,x=18158,y=23006,w=8597,h=6351] [d=1,x=256,y=1024,w=512,h=512]",D123,val
"D123_HE [d=5,x=18158,y=23006,w=8597,h=6351] [d=1,x=256,y=256,w=512,h=512]",D123,train
"D123_HE [d=5,x=18158,y=23006,w=8597,h=6351] [d=1,x=256,y=512,w=512,h=512]",D123,val
"D123_HE [d=5,x=18158,y=23006,w=8597,h=6351] [d=1,x=256,y=768,w=512,h=512]",D123,train
"D123_HE [d=5,x=18158,y=23006,w=8597,h=6351] [d=1,x=512,y=0,w=512,h=512]",D123,train
"D123_HE [d=5,x=18158,y=23006,w=8597,h=6351] [d=1,x=512,y=1024,w=512,h=512]",D123,train
"D123_HE [d=5,x=18158,y=23006,w=8597,h=6351] [d=1,x=512,y=256,w=512,h=512]",D123,val
"D123_HE [d=5,x=18158,y=23006,w=8597,h=6351] [d=1,x=512,y=512,w=512,h=512]",D123,val
"D123_HE [d=5,x=18158,y=23006,w=8597,h=6351] [d=1,x=512,y=768,w=512,h=512]",D123,train
"D123_HE [d=5,x=18158,y=23006,w=8597,h=6351] [d=1,x=768,y=0,w=512,h=512]",D123,train
"D123_HE [d=5,x=18158,y=23006,w=8597,h=6351] [d=1,x=768,y=1024,w=512,h=512]",D123,train
"D123_HE [d=5,x=18158,y=23006,w=8597,h=6351] [d=1,x=768,y=256,w=512,h=512]",D123,val
"D123_HE [d=5,x=18158,y=23006,w=8597,h=6351] [d=1,x=768,y=512,w=512,h=512]",D123,train
"D123_HE [d=5,x=18158,y=23006,w=8597,h=6351] [d=1,x=768,y=768,w=512,h=512]",D123,val
"D128_HE [d=5,x=28985,y=22449,w=4338,h=4468] [d=1,x=0,y=0,w=512,h=512]",D128,train
"D128_HE [d=5,x=28985,y=22449,w=4338,h=4468] [d=1,x=0,y=256,w=512,h=512]",D128,train
"D128_HE [d=5,x=28985,y=22449,w=4338,h=4468] [d=1,x=0,y=512,w=512,h=512]",D128,val
"D128_HE [d=5,x=28985,y=22449,w=4338,h=4468] [d=1,x=0,y=768,w=512,h=512]",D128,train
"D128_HE [d=5,x=28985,y=22449,w=4338,h=4468] [d=1,x=256,y=0,w=512,h=512]",D128,train
"D128_HE [d=5,x=28985,y=22449,w=4338,h=4468] [d=1,x=256,y=256,w=512,h=512]",D128,train
"D128_HE [d=5,x=28985,y=22449,w=4338,h=4468] [d=1,x=256,y=512,w=512,h=512]",D128,train
"D128_HE [d=5,x=28985,y=22449,w=4338,h=4468] [d=1,x=256,y=768,w=512,h=512]",D128,train
"D128_HE [d=5,x=28985,y=22449,w=4338,h=4468] [d=1,x=512,y=0,w=512,h=512]",D128,train
"D128_HE [d=5,x=28985,y=22449,w=4338,h=4468] [d=1,x=512,y=256,w=512,h=512]",D128,train
"D128_HE [d=5,x=28985,y=22449,w=4338,h=4468] [d=1,x=512,y=512,w=512,h=512]",D128,train
"D128_HE [d=5,x=28985,y=22449,w=4338,h=4468] [d=1,x=512,y=768,w=512,h=512]",D128,train
"D128_HE [d=5,x=28985,y=22449,w=4338,h=4468] [d=1,x=768,y=0,w=512,h=512]",D128,train
"D128_HE [d=5,x=28985,y=22449,w=4338,h=4468] [d=1,x=768,y=256,w=512,h=512]",D128,train
"D128_HE [d=5,x=28985,y=22449,w=4338,h=4468] [d=1,x=768,y=512,w=512,h=512]",D128,train
"D128_HE [d=5,x=28985,y=22449,w=4338,h=4468] [d=1,x=768,y=768,w=512,h=512]",D128,train
"D128_HE [d=5,x=40558,y=15055,w=4869,h=4798] [d=1,x=0,y=0,w=512,h=512]",D128,train
"D128_HE [d=5,x=40558,y=15055,w=4869,h=4798] [d=1,x=0,y=256,w=512,h=512]",D128,train
"D128_HE [d=5,x=40558,y=15055,w=4869,h=4798] [d=1,x=0,y=512,w=512,h=512]",D128,train
"D128_HE [d=5,x=40558,y=15055,w=4869,h=4798] [d=1,x=0,y=768,w=512,h=512]",D128,train
"D128_HE [d=5,x=40558,y=15055,w=4869,h=4798] [d=1,x=256,y=0,w=512,h=512]",D128,train
"D128_HE [d=5,x=40558,y=15055,w=4869,h=4798] [d=1,x=256,y=256,w=512,h=512]",D128,train
"D128_HE [d=5,x=40558,y=15055,w=4869,h=4798] [d=1,x=256,y=512,w=512,h=512]",D128,train
"D128_HE [d=5,x=40558,y=15055,w=4869,h=4798] [d=1,x=256,y=768,w=512,h=512]",D128,train
"D128_HE [d=5,x=40558,y=15055,w=4869,h=4798] [d=1,x=512,y=0,w=512,h=512]",D128,train
"D128_HE [d=5,x=40558,y=15055,w=4869,h=4798] [d=1,x=512,y=256,w=512,h=512]",D128,train
"D128_HE [d=5,x=40558,y=15055,w=4869,h=4798] [d=1,x=512,y=512,w=512,h=512]",D128,train
"D128_HE [d=5,x=40558,y=15055,w=4869,h=4798] [d=1,x=512,y=768,w=512,h=512]",D128,train
"D128_HE [d=5,x=40558,y=15055,w=4869,h=4798] [d=1,x=768,y=0,w=512,h=512]",D128,train
"D128_HE [d=5,x=40558,y=15055,w=4869,h=4798] [d=1,x=768,y=256,w=512,h=512]",D128,train
"D128_HE [d=5,x=40558,y=15055,w=4869,h=4798] [d=1,x=768,y=512,w=512,h=512]",D128,train
"D128_HE [d=5,x=40558,y=15055,w=4869,h=4798] [d=1,x=768,y=768,w=512,h=512]",D128,train
"D129_HE [d=5,x=16179,y=18644,w=7689,h=7598] [d=1,x=0,y=0,w=512,h=512]",D129,train
"D129_HE [d=5,x=16179,y=18644,w=7689,h=7598] [d=1,x=0,y=1024,w=512,h=512]",D129,val
"D129_HE [d=5,x=16179,y=18644,w=7689,h=7598] [d=1,x=0,y=1280,w=512,h=512]",D129,train
"D129_HE [d=5,x=16179,y=18644,w=7689,h=7598] [d=1,x=0,y=256,w=512,h=512]",D129,train
"D129_HE [d=5,x=16179,y=18644,w=7689,h=7598] [d=1,x=0,y=512,w=512,h=512]",D129,train
"D129_HE [d=5,x=16179,y=18644,w=7689,h=7598] [d=1,x=0,y=768,w=512,h=512]",D129,train
"D129_HE [d=5,x=16179,y=18644,w=7689,h=7598] [d=1,x=1024,y=0,w=512,h=512]",D129,train
"D129_HE [d=5,x=16179,y=18644,w=7689,h=7598] [d=1,x=1024,y=1024,w=512,h=512]",D129,train
"D129_HE [d=5,x=16179,y=18644,w=7689,h=7598] [d=1,x=1024,y=1280,w=512,h=512]",D129,train
"D129_HE [d=5,x=16179,y=18644,w=7689,h=7598] [d=1,x=1024,y=256,w=512,h=512]",D129,train
"D129_HE [d=5,x=16179,y=18644,w=7689,h=7598] [d=1,x=1024,y=512,w=512,h=512]",D129,val
"D129_HE [d=5,x=16179,y=18644,w=7689,h=7598] [d=1,x=1024,y=768,w=512,h=512]",D129,train
"D129_HE [d=5,x=16179,y=18644,w=7689,h=7598] [d=1,x=1280,y=0,w=512,h=512]",D129,train
"D129_HE [d=5,x=16179,y=18644,w=7689,h=7598] [d=1,x=1280,y=1024,w=512,h=512]",D129,val
"D129_HE [d=5,x=16179,y=18644,w=7689,h=7598] [d=1,x=1280,y=1280,w=512,h=512]",D129,train
"D129_HE [d=5,x=16179,y=18644,w=7689,h=7598] [d=1,x=1280,y=256,w=512,h=512]",D129,train
"D129_HE [d=5,x=16179,y=18644,w=7689,h=7598] [d=1,x=1280,y=512,w=512,h=512]",D129,train
"D129_HE [d=5,x=16179,y=18644,w=7689,h=7598] [d=1,x=1280,y=768,w=512,h=512]",D129,train
"D129_HE [d=5,x=16179,y=18644,w=7689,h=7598] [d=1,x=1536,y=0,w=512,h=512]",D129,train
"D129_HE [d=5,x=16179,y=18644,w=7689,h=7598] [d=1,x=1536,y=1024,w=512,h=512]",D129,val
"D129_HE [d=5,x=16179,y=18644,w=7689,h=7598] [d=1,x=1536,y=1280,w=512,h=512]",D129,val
"D129_HE [d=5,x=16179,y=18644,w=7689,h=7598] [d=1,x=1536,y=256,w=512,h=512]",D129,train
"D129_HE [d=5,x=16179,y=18644,w=7689,h=7598] [d=1,x=1536,y=512,w=512,h=512]",D129,train
"D129_HE [d=5,x=16179,y=18644,w=7689,h=7598] [d=1,x=1536,y=768,w=512,h=512]",D129,train
"D129_HE [d=5,x=16179,y=18644,w=7689,h=7598] [d=1,x=256,y=0,w=512,h=512]",D129,train
"D129_HE [d=5,x=16179,y=18644,w=7689,h=7598] [d=1,x=256,y=1024,w=512,h=512]",D129,train
"D129_HE [d=5,x=16179,y=18644,w=7689,h=7598] [d=1,x=256,y=1280,w=512,h=512]",D129,train
"D129_HE [d=5,x=16179,y=18644,w=7689,h=7598] [d=1,x=256,y=256,w=512,h=512]",D129,train
"D129_HE [d=5,x=16179,y=18644,w=7689,h=7598] [d=1,x=256,y=512,w=512,h=512]",D129,train
"D129_HE [d=5,x=16179,y=18644,w=7689,h=7598] [d=1,x=256,y=768,w=512,h=512]",D129,train
"D129_HE [d=5,x=16179,y=18644,w=7689,h=7598] [d=1,x=512,y=0,w=512,h=512]",D129,train
"D129_HE [d=5,x=16179,y=18644,w=7689,h=7598] [d=1,x=512,y=1024,w=512,h=512]",D129,train
"D129_HE [d=5,x=16179,y=18644,w=7689,h=7598] [d=1,x=512,y=1280,w=512,h=512]",D129,train
"D129_HE [d=5,x=16179,y=18644,w=7689,h=7598] [d=1,x=512,y=256,w=512,h=512]",D129,train
"D129_HE [d=5,x=16179,y=18644,w=7689,h=7598] [d=1,x=512,y=512,w=512,h=512]",D129,train
"D129_HE [d=5,x=16179,y=18644,w=7689,h=7598] [d=1,x=512,y=768,w=512,h=512]",D129,val
"D129_HE [d=5,x=16179,y=18644,w=7689,h=7598] [d=1,x=768,y=0,w=512,h=512]",D129,train
"D129_HE [d=5,x=16179,y=18644,w=7689,h=7598] [d=1,x=768,y=1024,w=512,h=512]",D129,train
"D129_HE [d=5,x=16179,y=18644,w=7689,h=7598] [d=1,x=768,y=1280,w=512,h=512]",D129,train
"D129_HE [d=5,x=16179,y=18644,w=7689,h=7598] [d=1,x=768,y=256,w=512,h=512]",D129,train
"D129_HE [d=5,x=16179,y=18644,w=7689,h=7598] [d=1,x=768,y=512,w=512,h=512]",D129,train
"D129_HE [d=5,x=16179,y=18644,w=7689,h=7598] [d=1,x=768,y=768,w=512,h=512]",D129,train
"D129_HE [d=5,x=21204,y=11857,w=4289,h=4064] [d=1,x=0,y=0,w=512,h=512]",D129,train
"D129_HE [d=5,x=21204,y=11857,w=4289,h=4064] [d=1,x=0,y=256,w=512,h=512]",D129,train
"D129_HE [d=5,x=21204,y=11857,w=4289,h=4064] [d=1,x=0,y=512,w=512,h=512]",D129,train
"D129_HE [d=5,x=21204,y=11857,w=4289,h=4064] [d=1,x=0,y=768,w=512,h=512]",D129,train
"D129_HE [d=5,x=21204,y=11857,w=4289,h=4064] [d=1,x=256,y=0,w=512,h=512]",D129,train
"D129_HE [d=5,x=21204,y=11857,w=4289,h=4064] [d=1,x=256,y=256,w=512,h=512]",D129,train
"D129_HE [d=5,x=21204,y=11857,w=4289,h=4064] [d=1,x=256,y=512,w=512,h=512]",D129,train
"D129_HE [d=5,x=21204,y=11857,w=4289,h=4064] [d=1,x=256,y=768,w=512,h=512]",D129,train
"D129_HE [d=5,x=21204,y=11857,w=4289,h=4064] [d=1,x=512,y=0,w=512,h=512]",D129,train
"D129_HE [d=5,x=21204,y=11857,w=4289,h=4064] [d=1,x=512,y=256,w=512,h=512]",D129,val
"D129_HE [d=5,x=21204,y=11857,w=4289,h=4064] [d=1,x=512,y=512,w=512,h=512]",D129,train
"D129_HE [d=5,x=21204,y=11857,w=4289,h=4064] [d=1,x=512,y=768,w=512,h=512]",D129,train
"D129_HE [d=5,x=21204,y=11857,w=4289,h=4064] [d=1,x=768,y=0,w=512,h=512]",D129,train
"D129_HE [d=5,x=21204,y=11857,w=4289,h=4064] [d=1,x=768,y=256,w=512,h=512]",D129,train
"D129_HE [d=5,x=21204,y=11857,w=4289,h=4064] [d=1,x=768,y=512,w=512,h=512]",D129,val
"D129_HE [d=5,x=21204,y=11857,w=4289,h=4064] [d=1,x=768,y=768,w=512,h=512]",D129,train
"D130_HE [d=5,x=9661,y=17238,w=4628,h=4764] [d=1,x=0,y=0,w=512,h=512]",D130,val
"D130_HE [d=5,x=9661,y=17238,w=4628,h=4764] [d=1,x=0,y=256,w=512,h=512]",D130,train
"D130_HE [d=5,x=9661,y=17238,w=4628,h=4764] [d=1,x=0,y=512,w=512,h=512]",D130,train
"D130_HE [d=5,x=9661,y=17238,w=4628,h=4764] [d=1,x=0,y=768,w=512,h=512]",D130,train
"D130_HE [d=5,x=9661,y=17238,w=4628,h=4764] [d=1,x=256,y=0,w=512,h=512]",D130,val
"D130_HE [d=5,x=9661,y=17238,w=4628,h=4764] [d=1,x=256,y=256,w=512,h=512]",D130,train
"D130_HE [d=5,x=9661,y=17238,w=4628,h=4764] [d=1,x=256,y=512,w=512,h=512]",D130,train
"D130_HE [d=5,x=9661,y=17238,w=4628,h=4764] [d=1,x=256,y=768,w=512,h=512]",D130,val
"D130_HE [d=5,x=9661,y=17238,w=4628,h=4764] [d=1,x=512,y=0,w=512,h=512]",D130,train
"D130_HE [d=5,x=9661,y=17238,w=4628,h=4764] [d=1,x=512,y=256,w=512,h=512]",D130,train
"D130_HE [d=5,x=9661,y=17238,w=4628,h=4764] [d=1,x=512,y=512,w=512,h=512]",D130,train
"D130_HE [d=5,x=9661,y=17238,w=4628,h=4764] [d=1,x=512,y=768,w=512,h=512]",D130,train
"D130_HE [d=5,x=9661,y=17238,w=4628,h=4764] [d=1,x=768,y=0,w=512,h=512]",D130,train
"D130_HE [d=5,x=9661,y=17238,w=4628,h=4764] [d=1,x=768,y=256,w=512,h=512]",D130,train
"D130_HE [d=5,x=9661,y=17238,w=4628,h=4764] [d=1,x=768,y=512,w=512,h=512]",D130,train
"D130_HE [d=5,x=9661,y=17238,w=4628,h=4764] [d=1,x=768,y=768,w=512,h=512]",D130,train
"D13_HE [d=5,x=11536,y=41728,w=2121,h=2458] [d=1,x=0,y=0,w=512,h=512]",D013,train
"D13_HE [d=5,x=11536,y=41728,w=2121,h=2458] [d=1,x=0,y=256,w=512,h=512]",D013,train
"D13_HE [d=5,x=11536,y=41728,w=2121,h=2458] [d=1,x=256,y=0,w=512,h=512]",D013,val
"D13_HE [d=5,x=11536,y=41728,w=2121,h=2458] [d=1,x=256,y=256,w=512,h=512]",D013,train
"D13_HE [d=5,x=22946,y=38684,w=2256,h=1895] [d=1,x=0,y=0,w=512,h=512]",D013,train
"D13_HE [d=5,x=22946,y=38684,w=2256,h=1895] [d=1,x=0,y=256,w=512,h=512]",D013,val
"D13_HE [d=5,x=22946,y=38684,w=2256,h=1895] [d=1,x=256,y=0,w=512,h=512]",D013,train
"D13_HE [d=5,x=22946,y=38684,w=2256,h=1895] [d=1,x=256,y=256,w=512,h=512]",D013,train
"D13_HE [d=5,x=36162,y=31529,w=1296,h=1234] [d=1,x=0,y=0,w=512,h=512]",D013,train
"D13_HE [d=5,x=36162,y=31529,w=1296,h=1234] [d=1,x=256,y=0,w=512,h=512]",D013,train
"D13_HE [d=5,x=39481,y=45499,w=1299,h=1755] [d=1,x=0,y=0,w=512,h=512]",D013,train
"D13_HE [d=5,x=39481,y=45499,w=1299,h=1755] [d=1,x=0,y=256,w=512,h=512]",D013,train
"D13_HE [d=5,x=39481,y=45499,w=1299,h=1755] [d=1,x=256,y=0,w=512,h=512]",D013,train
"D13_HE [d=5,x=39481,y=45499,w=1299,h=1755] [d=1,x=256,y=256,w=512,h=512]",D013,train
"D13_HE [d=5,x=59890,y=50402,w=5000,h=5000] [d=1,x=0,y=0,w=512,h=512]",D013,train
"D13_HE [d=5,x=59890,y=50402,w=5000,h=5000] [d=1,x=0,y=256,w=512,h=512]",D013,train
"D13_HE [d=5,x=59890,y=50402,w=5000,h=5000] [d=1,x=0,y=512,w=512,h=512]",D013,train
"D13_HE [d=5,x=59890,y=50402,w=5000,h=5000] [d=1,x=0,y=768,w=512,h=512]",D013,train
"D13_HE [d=5,x=59890,y=50402,w=5000,h=5000] [d=1,x=256,y=0,w=512,h=512]",D013,train
"D13_HE [d=5,x=59890,y=50402,w=5000,h=5000] [d=1,x=256,y=256,w=512,h=512]",D013,train
"D13_HE [d=5,x=59890,y=50402,w=5000,h=5000] [d=1,x=256,y=512,w=512,h=512]",D013,train
"D13_HE [d=5,x=59890,y=50402,w=5000,h=5000] [d=1,x=256,y=768,w=512,h=512]",D013,train
"D13_HE [d=5,x=59890,y=50402,w=5000,h=5000] [d=1,x=512,y=0,w=512,h=512]",D013,val
"D13_HE [d=5,x=59890,y=50402,w=5000,h=5000] [d=1,x=512,y=256,w=512,h=512]",D013,train
"D13_HE [d=5,x=59890,y=50402,w=5000,h=5000] [d=1,x=512,y=512,w=512,h=512]",D013,train
"D13_HE [d=5,x=59890,y=50402,w=5000,h=5000] [d=1,x=512,y=768,w=512,h=512]",D013,train
"D13_HE [d=5,x=59890,y=50402,w=5000,h=5000] [d=1,x=768,y=0,w=512,h=512]",D013,train
"D13_HE [d=5,x=59890,y=50402,w=5000,h=5000] [d=1,x=768,y=256,w=512,h=512]",D013,train
"D13_HE [d=5,x=59890,y=50402,w=5000,h=5000] [d=1,x=768,y=512,w=512,h=512]",D013,val
"D13_HE [d=5,x=59890,y=50402,w=5000,h=5000] [d=1,x=768,y=768,w=512,h=512]",D013,train
"D15_HE [d=5,x=10543,y=13405,w=2766,h=2330] [d=1,x=0,y=0,w=512,h=512]",D015,train
"D15_HE [d=5,x=10543,y=13405,w=2766,h=2330] [d=1,x=0,y=256,w=512,h=512]",D015,val
"D15_HE [d=5,x=10543,y=13405,w=2766,h=2330] [d=1,x=256,y=0,w=512,h=512]",D015,train
"D15_HE [d=5,x=10543,y=13405,w=2766,h=2330] [d=1,x=256,y=256,w=512,h=512]",D015,train
"D15_HE [d=5,x=10543,y=13405,w=2766,h=2330] [d=1,x=512,y=0,w=512,h=512]",D015,train
"D15_HE [d=5,x=10543,y=13405,w=2766,h=2330] [d=1,x=512,y=256,w=512,h=512]",D015,train
"D15_HE [d=5,x=12413,y=10056,w=1586,h=1777] [d=1,x=0,y=0,w=512,h=512]",D015,val
"D15_HE [d=5,x=12413,y=10056,w=1586,h=1777] [d=1,x=0,y=256,w=512,h=512]",D015,train
"D15_HE [d=5,x=12413,y=10056,w=1586,h=1777] [d=1,x=256,y=0,w=512,h=512]",D015,train
"D15_HE [d=5,x=12413,y=10056,w=1586,h=1777] [d=1,x=256,y=256,w=512,h=512]",D015,train
"D15_HE [d=5,x=14057,y=6405,w=1067,h=1093] [d=1,x=0,y=0,w=512,h=512]",D015,train
"D15_HE [d=5,x=17506,y=7296,w=1362,h=2110] [d=1,x=0,y=0,w=512,h=512]",D015,train
"D15_HE [d=5,x=17506,y=7296,w=1362,h=2110] [d=1,x=0,y=256,w=512,h=512]",D015,val
"D15_HE [d=5,x=17506,y=7296,w=1362,h=2110] [d=1,x=256,y=0,w=512,h=512]",D015,train
"D15_HE [d=5,x=17506,y=7296,w=1362,h=2110] [d=1,x=256,y=256,w=512,h=512]",D015,train
"D16_HE [d=5,x=19374,y=19021,w=3503,h=3738] [d=1,x=0,y=0,w=512,h=512]",D016,val
"D16_HE [d=5,x=19374,y=19021,w=3503,h=3738] [d=1,x=0,y=256,w=512,h=512]",D016,train
"D16_HE [d=5,x=19374,y=19021,w=3503,h=3738] [d=1,x=0,y=512,w=512,h=512]",D016,train
"D16_HE [d=5,x=19374,y=19021,w=3503,h=3738] [d=1,x=256,y=0,w=512,h=512]",D016,train
"D16_HE [d=5,x=19374,y=19021,w=3503,h=3738] [d=1,x=256,y=256,w=512,h=512]",D016,train
"D16_HE [d=5,x=19374,y=19021,w=3503,h=3738] [d=1,x=256,y=512,w=512,h=512]",D016,train
"D16_HE [d=5,x=19374,y=19021,w=3503,h=3738] [d=1,x=512,y=0,w=512,h=512]",D016,train
"D16_HE [d=5,x=19374,y=19021,w=3503,h=3738] [d=1,x=512,y=256,w=512,h=512]",D016,train
"D16_HE [d=5,x=19374,y=19021,w=3503,h=3738] [d=1,x=512,y=512,w=512,h=512]",D016,train
"D16_HE [d=5,x=20203,y=12576,w=2034,h=2303] [d=1,x=0,y=0,w=512,h=512]",D016,train
"D16_HE [d=5,x=20203,y=12576,w=2034,h=2303] [d=1,x=0,y=256,w=512,h=512]",D016,train
"D16_HE [d=5,x=20203,y=12576,w=2034,h=2303] [d=1,x=256,y=0,w=512,h=512]",D016,val
"D16_HE [d=5,x=20203,y=12576,w=2034,h=2303] [d=1,x=256,y=256,w=512,h=512]",D016,train
"D16_HE [d=5,x=34114,y=28852,w=1924,h=2380] [d=1,x=0,y=0,w=512,h=512]",D016,val
"D16_HE [d=5,x=34114,y=28852,w=1924,h=2380] [d=1,x=0,y=256,w=512,h=512]",D016,train
"D16_HE [d=5,x=34114,y=28852,w=1924,h=2380] [d=1,x=256,y=0,w=512,h=512]",D016,val
"D16_HE [d=5,x=34114,y=28852,w=1924,h=2380] [d=1,x=256,y=256,w=512,h=512]",D016,val
"D17_HE [d=5,x=12375,y=20728,w=1650,h=1779] [d=1,x=0,y=0,w=512,h=512]",D017,train
"D17_HE [d=5,x=12375,y=20728,w=1650,h=1779] [d=1,x=0,y=256,w=512,h=512]",D017,train
"D17_HE [d=5,x=12375,y=20728,w=1650,h=1779] [d=1,x=256,y=0,w=512,h=512]",D017,train
"D17_HE [d=5,x=12375,y=20728,w=1650,h=1779] [d=1,x=256,y=256,w=512,h=512]",D017,train
"D17_HE [d=5,x=18445,y=33688,w=2315,h=2583] [d=1,x=0,y=0,w=512,h=512]",D017,train
"D17_HE [d=5,x=18445,y=33688,w=2315,h=2583] [d=1,x=0,y=256,w=512,h=512]",D017,val
"D17_HE [d=5,x=18445,y=33688,w=2315,h=2583] [d=1,x=0,y=512,w=512,h=512]",D017,train
"D17_HE [d=5,x=18445,y=33688,w=2315,h=2583] [d=1,x=256,y=0,w=512,h=512]",D017,val
"D17_HE [d=5,x=18445,y=33688,w=2315,h=2583] [d=1,x=256,y=256,w=512,h=512]",D017,train
"D17_HE [d=5,x=18445,y=33688,w=2315,h=2583] [d=1,x=256,y=512,w=512,h=512]",D017,train
"D17_HE [d=5,x=23236,y=22942,w=3813,h=5824] [d=1,x=0,y=0,w=512,h=512]",D017,train
"D17_HE [d=5,x=23236,y=22942,w=3813,h=5824] [d=1,x=0,y=1024,w=512,h=512]",D017,train
"D17_HE [d=5,x=23236,y=22942,w=3813,h=5824] [d=1,x=0,y=256,w=512,h=512]",D017,train
"D17_HE [d=5,x=23236,y=22942,w=3813,h=5824] [d=1,x=0,y=512,w=512,h=512]",D017,val
"D17_HE [d=5,x=23236,y=22942,w=3813,h=5824] [d=1,x=0,y=768,w=512,h=512]",D017,train
"D17_HE [d=5,x=23236,y=22942,w=3813,h=5824] [d=1,x=256,y=0,w=512,h=512]",D017,train
"D17_HE [d=5,x=23236,y=22942,w=3813,h=5824] [d=1,x=256,y=1024,w=512,h=512]",D017,train
"D17_HE [d=5,x=23236,y=22942,w=3813,h=5824] [d=1,x=256,y=256,w=512,h=512]",D017,train
"D17_HE [d=5,x=23236,y=22942,w=3813,h=5824] [d=1,x=256,y=512,w=512,h=512]",D017,val
"D17_HE [d=5,x=23236,y=22942,w=3813,h=5824] [d=1,x=256,y=768,w=512,h=512]",D017,train
"D17_HE [d=5,x=23236,y=22942,w=3813,h=5824] [d=1,x=512,y=0,w=512,h=512]",D017,val
"D17_HE [d=5,x=23236,y=22942,w=3813,h=5824] [d=1,x=512,y=1024,w=512,h=512]",D017,train
"D17_HE [d=5,x=23236,y=22942,w=3813,h=5824] [d=1,x=512,y=256,w=512,h=512]",D017,train
"D17_HE [d=5,x=23236,y=22942,w=3813,h=5824] [d=1,x=512,y=512,w=512,h=512]",D017,val
"D17_HE [d=5,x=23236,y=22942,w=3813,h=5824] [d=1,x=512,y=768,w=512,h=512]",D017,train
"D17_HE [d=5,x=25288,y=31438,w=3276,h=4404] [d=1,x=0,y=0,w=512,h=512]",D017,train
"D17_HE [d=5,x=25288,y=31438,w=3276,h=4404] [d=1,x=0,y=256,w=512,h=512]",D017,val
"D17_HE [d=5,x=25288,y=31438,w=3276,h=4404] [d=1,x=0,y=512,w=512,h=512]",D017,train
"D17_HE [d=5,x=25288,y=31438,w=3276,h=4404] [d=1,x=0,y=768,w=512,h=512]",D017,val
"D17_HE [d=5,x=25288,y=31438,w=3276,h=4404] [d=1,x=256,y=0,w=512,h=512]",D017,train
"D17_HE [d=5,x=25288,y=31438,w=3276,h=4404] [d=1,x=256,y=256,w=512,h=512]",D017,train
"D17_HE [d=5,x=25288,y=31438,w=3276,h=4404] [d=1,x=256,y=512,w=512,h=512]",D017,val
"D17_HE [d=5,x=25288,y=31438,w=3276,h=4404] [d=1,x=256,y=768,w=512,h=512]",D017,train
"D17_HE [d=5,x=25288,y=31438,w=3276,h=4404] [d=1,x=512,y=0,w=512,h=512]",D017,train
"D17_HE [d=5,x=25288,y=31438,w=3276,h=4404] [d=1,x=512,y=256,w=512,h=512]",D017,val
"D17_HE [d=5,x=25288,y=31438,w=3276,h=4404] [d=1,x=512,y=512,w=512,h=512]",D017,train
"D17_HE [d=5,x=25288,y=31438,w=3276,h=4404] [d=1,x=512,y=768,w=512,h=512]",D017,train
"D17_HE [d=5,x=28454,y=40934,w=2903,h=3960] [d=1,x=0,y=0,w=512,h=512]",D017,val
"D17_HE [d=5,x=28454,y=40934,w=2903,h=3960] [d=1,x=0,y=256,w=512,h=512]",D017,train
"D17_HE [d=5,x=28454,y=40934,w=2903,h=3960] [d=1,x=0,y=512,w=512,h=512]",D017,train
"D17_HE [d=5,x=28454,y=40934,w=2903,h=3960] [d=1,x=0,y=768,w=512,h=512]",D017,train
"D17_HE [d=5,x=28454,y=40934,w=2903,h=3960] [d=1,x=256,y=0,w=512,h=512]",D017,train
"D17_HE [d=5,x=28454,y=40934,w=2903,h=3960] [d=1,x=256,y=256,w=512,h=512]",D017,train
"D17_HE [d=5,x=28454,y=40934,w=2903,h=3960] [d=1,x=256,y=512,w=512,h=512]",D017,train
"D17_HE [d=5,x=28454,y=40934,w=2903,h=3960] [d=1,x=256,y=768,w=512,h=512]",D017,train
"D17_HE [d=5,x=28454,y=40934,w=2903,h=3960] [d=1,x=512,y=0,w=512,h=512]",D017,val
"D17_HE [d=5,x=28454,y=40934,w=2903,h=3960] [d=1,x=512,y=256,w=512,h=512]",D017,val
"D17_HE [d=5,x=28454,y=40934,w=2903,h=3960] [d=1,x=512,y=512,w=512,h=512]",D017,train
"D17_HE [d=5,x=28454,y=40934,w=2903,h=3960] [d=1,x=512,y=768,w=512,h=512]",D017,train
"D17_HE [d=5,x=28786,y=41523,w=1907,h=2913] [d=1,x=0,y=0,w=512,h=512]",D017,train
"D17_HE [d=5,x=28786,y=41523,w=1907,h=2913] [d=1,x=0,y=256,w=512,h=512]",D017,val
"D17_HE [d=5,x=28786,y=41523,w=1907,h=2913] [d=1,x=0,y=512,w=512,h=512]",D017,train
"D17_HE [d=5,x=28786,y=41523,w=1907,h=2913] [d=1,x=256,y=0,w=512,h=512]",D017,val
"D17_HE [d=5,x=28786,y=41523,w=1907,h=2913] [d=1,x=256,y=256,w=512,h=512]",D017,train
"D17_HE [d=5,x=28786,y=41523,w=1907,h=2913] [d=1,x=256,y=512,w=512,h=512]",D017,val
"D17_HE [d=5,x=29049,y=48317,w=1550,h=1992] [d=1,x=0,y=0,w=512,h=512]",D017,train
"D17_HE [d=5,x=29049,y=48317,w=1550,h=1992] [d=1,x=0,y=256,w=512,h=512]",D017,train
"D17_HE [d=5,x=29049,y=48317,w=1550,h=1992] [d=1,x=256,y=0,w=512,h=512]",D017,train
"D17_HE [d=5,x=29049,y=48317,w=1550,h=1992] [d=1,x=256,y=256,w=512,h=512]",D017,train
"D17_HE [d=5,x=31714,y=44229,w=2701,h=3193] [d=1,x=0,y=0,w=512,h=512]",D017,val
"D17_HE [d=5,x=31714,y=44229,w=2701,h=3193] [d=1,x=0,y=256,w=512,h=512]",D017,train
"D17_HE [d=5,x=31714,y=44229,w=2701,h=3193] [d=1,x=0,y=512,w=512,h=512]",D017,train
"D17_HE [d=5,x=31714,y=44229,w=2701,h=3193] [d=1,x=256,y=0,w=512,h=512]",D017,train
"D17_HE [d=5,x=31714,y=44229,w=2701,h=3193] [d=1,x=256,y=256,w=512,h=512]",D017,train
"D17_HE [d=5,x=31714,y=44229,w=2701,h=3193] [d=1,x=256,y=512,w=512,h=512]",D017,train
"D17_HE [d=5,x=31714,y=44229,w=2701,h=3193] [d=1,x=512,y=0,w=512,h=512]",D017,train
"D17_HE [d=5,x=31714,y=44229,w=2701,h=3193] [d=1,x=512,y=256,w=512,h=512]",D017,train
"D17_HE [d=5,x=31714,y=44229,w=2701,h=3193] [d=1,x=512,y=512,w=512,h=512]",D017,train
"D17_HE [d=5,x=37569,y=29860,w=2741,h=2822] [d=1,x=0,y=0,w=512,h=512]",D017,train
"D17_HE [d=5,x=37569,y=29860,w=2741,h=2822] [d=1,x=0,y=256,w=512,h=512]",D017,train
"D17_HE [d=5,x=37569,y=29860,w=2741,h=2822] [d=1,x=0,y=512,w=512,h=512]",D017,train
"D17_HE [d=5,x=37569,y=29860,w=2741,h=2822] [d=1,x=256,y=0,w=512,h=512]",D017,train
"D17_HE [d=5,x=37569,y=29860,w=2741,h=2822] [d=1,x=256,y=256,w=512,h=512]",D017,train
"D17_HE [d=5,x=37569,y=29860,w=2741,h=2822] [d=1,x=256,y=512,w=512,h=512]",D017,train
"D17_HE [d=5,x=37569,y=29860,w=2741,h=2822] [d=1,x=512,y=0,w=512,h=512]",D017,train
"D17_HE [d=5,x=37569,y=29860,w=2741,h=2822] [d=1,x=512,y=256,w=512,h=512]",D017,train
"D17_HE [d=5,x=37569,y=29860,w=2741,h=2822] [d=1,x=512,y=512,w=512,h=512]",D017,train
"D17_HE [d=5,x=38157,y=41672,w=1352,h=1621] [d=1,x=0,y=0,w=512,h=512]",D017,train
"D17_HE [d=5,x=38157,y=41672,w=1352,h=1621] [d=1,x=0,y=256,w=512,h=512]",D017,train
"D17_HE [d=5,x=38157,y=41672,w=1352,h=1621] [d=1,x=256,y=0,w=512,h=512]",D017,train
"D17_HE [d=5,x=38157,y=41672,w=1352,h=1621] [d=1,x=256,y=256,w=512,h=512]",D017,train
"D18_HE [d=5,x=22166,y=42098,w=938,h=1330] [d=1,x=0,y=0,w=512,h=512]",D018,val
"D18_HE [d=5,x=22166,y=42098,w=938,h=1330] [d=1,x=0,y=256,w=512,h=512]",D018,train
"D18_HE [d=5,x=24109,y=20603,w=2097,h=2271] [d=1,x=0,y=0,w=512,h=512]",D018,train
"D18_HE [d=5,x=24109,y=20603,w=2097,h=2271] [d=1,x=0,y=256,w=512,h=512]",D018,train
"D18_HE [d=5,x=24109,y=20603,w=2097,h=2271] [d=1,x=256,y=0,w=512,h=512]",D018,train
"D18_HE [d=5,x=24109,y=20603,w=2097,h=2271] [d=1,x=256,y=256,w=512,h=512]",D018,train
"D19_HE [d=5,x=28330,y=14763,w=5950,h=4924] [d=1,x=0,y=0,w=512,h=512]",D019,val
"D19_HE [d=5,x=28330,y=14763,w=5950,h=4924] [d=1,x=0,y=256,w=512,h=512]",D019,val
"D19_HE [d=5,x=28330,y=14763,w=5950,h=4924] [d=1,x=0,y=512,w=512,h=512]",D019,train
"D19_HE [d=5,x=28330,y=14763,w=5950,h=4924] [d=1,x=0,y=768,w=512,h=512]",D019,val
"D19_HE [d=5,x=28330,y=14763,w=5950,h=4924] [d=1,x=1024,y=0,w=512,h=512]",D019,train
"D19_HE [d=5,x=28330,y=14763,w=5950,h=4924] [d=1,x=1024,y=256,w=512,h=512]",D019,train
"D19_HE [d=5,x=28330,y=14763,w=5950,h=4924] [d=1,x=1024,y=512,w=512,h=512]",D019,train
"D19_HE [d=5,x=28330,y=14763,w=5950,h=4924] [d=1,x=1024,y=768,w=512,h=512]",D019,train
"D19_HE [d=5,x=28330,y=14763,w=5950,h=4924] [d=1,x=256,y=0,w=512,h=512]",D019,train
"D19_HE [d=5,x=28330,y=14763,w=5950,h=4924] [d=1,x=256,y=256,w=512,h=512]",D019,train
"D19_HE [d=5,x=28330,y=14763,w=5950,h=4924] [d=1,x=256,y=512,w=512,h=512]",D019,train
"D19_HE [d=5,x=28330,y=14763,w=5950,h=4924] [d=1,x=256,y=768,w=512,h=512]",D019,train
"D19_HE [d=5,x=28330,y=14763,w=5950,h=4924] [d=1,x=512,y=0,w=512,h=512]",D019,val
"D19_HE [d=5,x=28330,y=14763,w=5950,h=4924] [d=1,x=512,y=256,w=512,h=512]",D019,train
"D19_HE [d=5,x=28330,y=14763,w=5950,h=4924] [d=1,x=512,y=512,w=512,h=512]",D019,train
"D19_HE [d=5,x=28330,y=14763,w=5950,h=4924] [d=1,x=512,y=768,w=512,h=512]",D019,train
"D19_HE [d=5,x=28330,y=14763,w=5950,h=4924] [d=1,x=768,y=0,w=512,h=512]",D019,train
"D19_HE [d=5,x=28330,y=14763,w=5950,h=4924] [d=1,x=768,y=256,w=512,h=512]",D019,train
"D19_HE [d=5,x=28330,y=14763,w=5950,h=4924] [d=1,x=768,y=512,w=512,h=512]",D019,val
"D19_HE [d=5,x=28330,y=14763,w=5950,h=4924] [d=1,x=768,y=768,w=512,h=512]",D019,val
"D19_HE [d=5,x=35884,y=10210,w=1855,h=2266] [d=1,x=0,y=0,w=512,h=512]",D019,train
"D19_HE [d=5,x=35884,y=10210,w=1855,h=2266] [d=1,x=0,y=256,w=512,h=512]",D019,train
"D19_HE [d=5,x=35884,y=10210,w=1855,h=2266] [d=1,x=256,y=0,w=512,h=512]",D019,train
"D19_HE [d=5,x=35884,y=10210,w=1855,h=2266] [d=1,x=256,y=256,w=512,h=512]",D019,train
"D19_HE [d=5,x=37283,y=13174,w=2862,h=3109] [d=1,x=0,y=0,w=512,h=512]",D019,train
"D19_HE [d=5,x=37283,y=13174,w=2862,h=3109] [d=1,x=0,y=256,w=512,h=512]",D019,train
"D19_HE [d=5,x=37283,y=13174,w=2862,h=3109] [d=1,x=0,y=512,w=512,h=512]",D019,val
"D19_HE [d=5,x=37283,y=13174,w=2862,h=3109] [d=1,x=256,y=0,w=512,h=512]",D019,train
"D19_HE [d=5,x=37283,y=13174,w=2862,h=3109] [d=1,x=256,y=256,w=512,h=512]",D019,train
"D19_HE [d=5,x=37283,y=13174,w=2862,h=3109] [d=1,x=256,y=512,w=512,h=512]",D019,train
"D19_HE [d=5,x=37283,y=13174,w=2862,h=3109] [d=1,x=512,y=0,w=512,h=512]",D019,train
"D19_HE [d=5,x=37283,y=13174,w=2862,h=3109] [d=1,x=512,y=256,w=512,h=512]",D019,train
"D19_HE [d=5,x=37283,y=13174,w=2862,h=3109] [d=1,x=512,y=512,w=512,h=512]",D019,train
"D20_HE [d=5,x=16934,y=15937,w=3590,h=2596] [d=1,x=0,y=0,w=512,h=512]",D020,train
"D20_HE [d=5,x=16934,y=15937,w=3590,h=2596] [d=1,x=0,y=256,w=512,h=512]",D020,train
"D20_HE [d=5,x=16934,y=15937,w=3590,h=2596] [d=1,x=0,y=512,w=512,h=512]",D020,train
"D20_HE [d=5,x=16934,y=15937,w=3590,h=2596] [d=1,x=256,y=0,w=512,h=512]",D020,train
"D20_HE [d=5,x=16934,y=15937,w=3590,h=2596] [d=1,x=256,y=256,w=512,h=512]",D020,train
"D20_HE [d=5,x=16934,y=15937,w=3590,h=2596] [d=1,x=256,y=512,w=512,h=512]",D020,val
"D20_HE [d=5,x=16934,y=15937,w=3590,h=2596] [d=1,x=512,y=0,w=512,h=512]",D020,val
"D20_HE [d=5,x=16934,y=15937,w=3590,h=2596] [d=1,x=512,y=256,w=512,h=512]",D020,train
"D20_HE [d=5,x=16934,y=15937,w=3590,h=2596] [d=1,x=512,y=512,w=512,h=512]",D020,train
"D20_HE [d=5,x=17487,y=6604,w=3097,h=3848] [d=1,x=0,y=0,w=512,h=512]",D020,train
"D20_HE [d=5,x=17487,y=6604,w=3097,h=3848] [d=1,x=0,y=256,w=512,h=512]",D020,train
"D20_HE [d=5,x=17487,y=6604,w=3097,h=3848] [d=1,x=0,y=512,w=512,h=512]",D020,train
"D20_HE [d=5,x=17487,y=6604,w=3097,h=3848] [d=1,x=0,y=768,w=512,h=512]",D020,train
"D20_HE [d=5,x=17487,y=6604,w=3097,h=3848] [d=1,x=256,y=0,w=512,h=512]",D020,val
"D20_HE [d=5,x=17487,y=6604,w=3097,h=3848] [d=1,x=256,y=256,w=512,h=512]",D020,train
"D20_HE [d=5,x=17487,y=6604,w=3097,h=3848] [d=1,x=256,y=512,w=512,h=512]",D020,val
"D20_HE [d=5,x=17487,y=6604,w=3097,h=3848] [d=1,x=256,y=768,w=512,h=512]",D020,train
"D20_HE [d=5,x=17487,y=6604,w=3097,h=3848] [d=1,x=512,y=0,w=512,h=512]",D020,train
"D20_HE [d=5,x=17487,y=6604,w=3097,h=3848] [d=1,x=512,y=256,w=512,h=512]",D020,train
"D20_HE [d=5,x=17487,y=6604,w=3097,h=3848] [d=1,x=512,y=512,w=512,h=512]",D020,train
"D20_HE [d=5,x=17487,y=6604,w=3097,h=3848] [d=1,x=512,y=768,w=512,h=512]",D020,train
"D20_HE [d=5,x=21238,y=15045,w=3250,h=3134] [d=1,x=0,y=0,w=512,h=512]",D020,train
"D20_HE [d=5,x=21238,y=15045,w=3250,h=3134] [d=1,x=0,y=256,w=512,h=512]",D020,train
"D20_HE [d=5,x=21238,y=15045,w=3250,h=3134] [d=1,x=0,y=512,w=512,h=512]",D020,val
"D20_HE [d=5,x=21238,y=15045,w=3250,h=3134] [d=1,x=256,y=0,w=512,h=512]",D020,train
"D20_HE [d=5,x=21238,y=15045,w=3250,h=3134] [d=1,x=256,y=256,w=512,h=512]",D020,train
"D20_HE [d=5,x=21238,y=15045,w=3250,h=3134] [d=1,x=256,y=512,w=512,h=512]",D020,train
"D20_HE [d=5,x=21238,y=15045,w=3250,h=3134] [d=1,x=512,y=0,w=512,h=512]",D020,train
"D20_HE [d=5,x=21238,y=15045,w=3250,h=3134] [d=1,x=512,y=256,w=512,h=512]",D020,train
"D20_HE [d=5,x=21238,y=15045,w=3250,h=3134] [d=1,x=512,y=512,w=512,h=512]",D020,train
"D20_HE [d=5,x=22912,y=17279,w=1302,h=1250] [d=1,x=0,y=0,w=512,h=512]",D020,val
"D20_HE [d=5,x=22912,y=17279,w=1302,h=1250] [d=1,x=256,y=0,w=512,h=512]",D020,train
"D20_HE [d=5,x=24731,y=18004,w=1779,h=908] [d=1,x=0,y=0,w=512,h=512]",D020,val
"D20_HE [d=5,x=24731,y=18004,w=1779,h=908] [d=1,x=256,y=0,w=512,h=512]",D020,train
"D20_HE [d=5,x=25079,y=17827,w=1191,h=1272] [d=1,x=0,y=0,w=512,h=512]",D020,train
"D20_HE [d=5,x=30722,y=10288,w=2144,h=2087] [d=1,x=0,y=0,w=512,h=512]",D020,val
"D20_HE [d=5,x=30722,y=10288,w=2144,h=2087] [d=1,x=0,y=256,w=512,h=512]",D020,train
"D20_HE [d=5,x=30722,y=10288,w=2144,h=2087] [d=1,x=256,y=0,w=512,h=512]",D020,train
"D20_HE [d=5,x=30722,y=10288,w=2144,h=2087] [d=1,x=256,y=256,w=512,h=512]",D020,val
"D20_HE [d=5,x=6225,y=18588,w=2107,h=1737] [d=1,x=0,y=0,w=512,h=512]",D020,train
"D20_HE [d=5,x=6225,y=18588,w=2107,h=1737] [d=1,x=0,y=256,w=512,h=512]",D020,train
"D20_HE [d=5,x=6225,y=18588,w=2107,h=1737] [d=1,x=256,y=0,w=512,h=512]",D020,train
"D20_HE [d=5,x=6225,y=18588,w=2107,h=1737] [d=1,x=256,y=256,w=512,h=512]",D020,train
"D21_HE [d=5,x=15050,y=21103,w=1395,h=1909] [d=1,x=0,y=0,w=512,h=512]",D021,train
"D21_HE [d=5,x=15050,y=21103,w=1395,h=1909] [d=1,x=0,y=256,w=512,h=512]",D021,val
"D21_HE [d=5,x=15050,y=21103,w=1395,h=1909] [d=1,x=256,y=0,w=512,h=512]",D021,train
"D21_HE [d=5,x=15050,y=21103,w=1395,h=1909] [d=1,x=256,y=256,w=512,h=512]",D021,val
"D21_HE [d=5,x=16539,y=19007,w=1187,h=1863] [d=1,x=0,y=0,w=512,h=512]",D021,train
"D21_HE [d=5,x=16539,y=19007,w=1187,h=1863] [d=1,x=0,y=256,w=512,h=512]",D021,train
"D21_HE [d=5,x=38307,y=27349,w=1599,h=1876] [d=1,x=0,y=0,w=512,h=512]",D021,train
"D21_HE [d=5,x=38307,y=27349,w=1599,h=1876] [d=1,x=0,y=256,w=512,h=512]",D021,val
"D21_HE [d=5,x=38307,y=27349,w=1599,h=1876] [d=1,x=256,y=0,w=512,h=512]",D021,train
"D21_HE [d=5,x=38307,y=27349,w=1599,h=1876] [d=1,x=256,y=256,w=512,h=512]",D021,val
"D21_HE [d=5,x=45878,y=29246,w=2241,h=3872] [d=1,x=0,y=0,w=512,h=512]",D021,train
"D21_HE [d=5,x=45878,y=29246,w=2241,h=3872] [d=1,x=0,y=256,w=512,h=512]",D021,train
"D21_HE [d=5,x=45878,y=29246,w=2241,h=3872] [d=1,x=0,y=512,w=512,h=512]",D021,val
"D21_HE [d=5,x=45878,y=29246,w=2241,h=3872] [d=1,x=0,y=768,w=512,h=512]",D021,train
"D21_HE [d=5,x=45878,y=29246,w=2241,h=3872] [d=1,x=256,y=0,w=512,h=512]",D021,train
"D21_HE [d=5,x=45878,y=29246,w=2241,h=3872] [d=1,x=256,y=256,w=512,h=512]",D021,train
"D21_HE [d=5,x=45878,y=29246,w=2241,h=3872] [d=1,x=256,y=512,w=512,h=512]",D021,train
"D21_HE [d=5,x=45878,y=29246,w=2241,h=3872] [d=1,x=256,y=768,w=512,h=512]",D021,train
"D22_HE [d=5,x=20174,y=29719,w=4048,h=3916] [d=1,x=0,y=0,w=512,h=512]",D022,val
"D22_HE [d=5,x=20174,y=29719,w=4048,h=3916] [d=1,x=0,y=256,w=512,h=512]",D022,train
"D22_HE [d=5,x=20174,y=29719,w=4048,h=3916] [d=1,x=0,y=512,w=512,h=512]",D022,train
"D22_HE [d=5,x=20174,y=29719,w=4048,h=3916] [d=1,x=0,y=768,w=512,h=512]",D022,train
"D22_HE [d=5,x=20174,y=29719,w=4048,h=3916] [d=1,x=256,y=0,w=512,h=512]",D022,train
"D22_HE [d=5,x=20174,y=29719,w=4048,h=3916] [d=1,x=256,y=256,w=512,h=512]",D022,train
"D22_HE [d=5,x=20174,y=29719,w=4048,h=3916] [d=1,x=256,y=512,w=512,h=512]",D022,train
"D22_HE [d=5,x=20174,y=29719,w=4048,h=3916] [d=1,x=256,y=768,w=512,h=512]",D022,val
"D22_HE [d=5,x=20174,y=29719,w=4048,h=3916] [d=1,x=512,y=0,w=512,h=512]",D022,train
"D22_HE [d=5,x=20174,y=29719,w=4048,h=3916] [d=1,x=512,y=256,w=512,h=512]",D022,train
"D22_HE [d=5,x=20174,y=29719,w=4048,h=3916] [d=1,x=512,y=512,w=512,h=512]",D022,train
"D22_HE [d=5,x=20174,y=29719,w=4048,h=3916] [d=1,x=512,y=768,w=512,h=512]",D022,train
"D22_HE [d=5,x=20174,y=29719,w=4048,h=3916] [d=1,x=768,y=0,w=512,h=512]",D022,train
"D22_HE [d=5,x=20174,y=29719,w=4048,h=3916] [d=1,x=768,y=256,w=512,h=512]",D022,train
"D22_HE [d=5,x=20174,y=29719,w=4048,h=3916] [d=1,x=768,y=512,w=512,h=512]",D022,train
"D22_HE [d=5,x=20174,y=29719,w=4048,h=3916] [d=1,x=768,y=768,w=512,h=512]",D022,train
"D22_HE [d=5,x=23751,y=35896,w=1737,h=1675] [d=1,x=0,y=0,w=512,h=512]",D022,train
"D22_HE [d=5,x=23751,y=35896,w=1737,h=1675] [d=1,x=0,y=256,w=512,h=512]",D022,train
"D22_HE [d=5,x=23751,y=35896,w=1737,h=1675] [d=1,x=256,y=0,w=512,h=512]",D022,val
"D22_HE [d=5,x=23751,y=35896,w=1737,h=1675] [d=1,x=256,y=256,w=512,h=512]",D022,train
"D22_HE [d=5,x=35360,y=38762,w=1093,h=1486] [d=1,x=0,y=0,w=512,h=512]",D022,train
"D22_HE [d=5,x=35360,y=38762,w=1093,h=1486] [d=1,x=0,y=256,w=512,h=512]",D022,train
"D22_HE [d=5,x=41443,y=22805,w=7466,h=3330] [d=1,x=0,y=0,w=512,h=512]",D022,train
"D22_HE [d=5,x=41443,y=22805,w=7466,h=3330] [d=1,x=0,y=256,w=512,h=512]",D022,train
"D22_HE [d=5,x=41443,y=22805,w=7466,h=3330] [d=1,x=0,y=512,w=512,h=512]",D022,train
"D22_HE [d=5,x=41443,y=22805,w=7466,h=3330] [d=1,x=1024,y=0,w=512,h=512]",D022,train
"D22_HE [d=5,x=41443,y=22805,w=7466,h=3330] [d=1,x=1024,y=256,w=512,h=512]",D022,train
"D22_HE [d=5,x=41443,y=22805,w=7466,h=3330] [d=1,x=1024,y=512,w=512,h=512]",D022,train
"D22_HE [d=5,x=41443,y=22805,w=7466,h=3330] [d=1,x=1280,y=0,w=512,h=512]",D022,train
"D22_HE [d=5,x=41443,y=22805,w=7466,h=3330] [d=1,x=1280,y=256,w=512,h=512]",D022,train
"D22_HE [d=5,x=41443,y=22805,w=7466,h=3330] [d=1,x=1280,y=512,w=512,h=512]",D022,val
"D22_HE [d=5,x=41443,y=22805,w=7466,h=3330] [d=1,x=256,y=0,w=512,h=512]",D022,train
"D22_HE [d=5,x=41443,y=22805,w=7466,h=3330] [d=1,x=256,y=256,w=512,h=512]",D022,train
"D22_HE [d=5,x=41443,y=22805,w=7466,h=3330] [d=1,x=256,y=512,w=512,h=512]",D022,train
"D22_HE [d=5,x=41443,y=22805,w=7466,h=3330] [d=1,x=512,y=0,w=512,h=512]",D022,train
"D22_HE [d=5,x=41443,y=22805,w=7466,h=3330] [d=1,x=512,y=256,w=512,h=512]",D022,val
"D22_HE [d=5,x=41443,y=22805,w=7466,h=3330] [d=1,x=512,y=512,w=512,h=512]",D022,train
"D22_HE [d=5,x=41443,y=22805,w=7466,h=3330] [d=1,x=768,y=0,w=512,h=512]",D022,train
"D22_HE [d=5,x=41443,y=22805,w=7466,h=3330] [d=1,x=768,y=256,w=512,h=512]",D022,val
"D22_HE [d=5,x=41443,y=22805,w=7466,h=3330] [d=1,x=768,y=512,w=512,h=512]",D022,train
"D23_HE [d=5,x=10213,y=9276,w=1479,h=1338] [d=1,x=0,y=0,w=512,h=512]",D023,train
"D23_HE [d=5,x=10213,y=9276,w=1479,h=1338] [d=1,x=0,y=256,w=512,h=512]",D023,train
"D23_HE [d=5,x=10213,y=9276,w=1479,h=1338] [d=1,x=256,y=0,w=512,h=512]",D023,train
"D23_HE [d=5,x=10213,y=9276,w=1479,h=1338] [d=1,x=256,y=256,w=512,h=512]",D023,train
"D23_HE [d=5,x=13838,y=8419,w=1636,h=2084] [d=1,x=0,y=0,w=512,h=512]",D023,train
"D23_HE [d=5,x=13838,y=8419,w=1636,h=2084] [d=1,x=0,y=256,w=512,h=512]",D023,train
"D23_HE [d=5,x=13838,y=8419,w=1636,h=2084] [d=1,x=256,y=0,w=512,h=512]",D023,train
"D23_HE [d=5,x=13838,y=8419,w=1636,h=2084] [d=1,x=256,y=256,w=512,h=512]",D023,val
"D23_HE [d=5,x=14546,y=4487,w=2701,h=2356] [d=1,x=0,y=0,w=512,h=512]",D023,train
"D23_HE [d=5,x=14546,y=4487,w=2701,h=2356] [d=1,x=0,y=256,w=512,h=512]",D023,train
"D23_HE [d=5,x=14546,y=4487,w=2701,h=2356] [d=1,x=256,y=0,w=512,h=512]",D023,train
"D23_HE [d=5,x=14546,y=4487,w=2701,h=2356] [d=1,x=256,y=256,w=512,h=512]",D023,train
"D23_HE [d=5,x=14546,y=4487,w=2701,h=2356] [d=1,x=512,y=0,w=512,h=512]",D023,train
"D23_HE [d=5,x=14546,y=4487,w=2701,h=2356] [d=1,x=512,y=256,w=512,h=512]",D023,train
"D24_HE [d=5,x=12030,y=9302,w=2258,h=2765] [d=1,x=0,y=0,w=512,h=512]",D024,train
"D24_HE [d=5,x=12030,y=9302,w=2258,h=2765] [d=1,x=0,y=256,w=512,h=512]",D024,train
"D24_HE [d=5,x=12030,y=9302,w=2258,h=2765] [d=1,x=0,y=512,w=512,h=512]",D024,train
"D24_HE [d=5,x=12030,y=9302,w=2258,h=2765] [d=1,x=256,y=0,w=512,h=512]",D024,val
"D24_HE [d=5,x=12030,y=9302,w=2258,h=2765] [d=1,x=256,y=256,w=512,h=512]",D024,train
"D24_HE [d=5,x=12030,y=9302,w=2258,h=2765] [d=1,x=256,y=512,w=512,h=512]",D024,val
"D24_HE [d=5,x=12926,y=12739,w=2987,h=3289] [d=1,x=0,y=0,w=512,h=512]",D024,train
"D24_HE [d=5,x=12926,y=12739,w=2987,h=3289] [d=1,x=0,y=256,w=512,h=512]",D024,val
"D24_HE [d=5,x=12926,y=12739,w=2987,h=3289] [d=1,x=0,y=512,w=512,h=512]",D024,train
"D24_HE [d=5,x=12926,y=12739,w=2987,h=3289] [d=1,x=256,y=0,w=512,h=512]",D024,val
"D24_HE [d=5,x=12926,y=12739,w=2987,h=3289] [d=1,x=256,y=256,w=512,h=512]",D024,val
"D24_HE [d=5,x=12926,y=12739,w=2987,h=3289] [d=1,x=256,y=512,w=512,h=512]",D024,val
"D24_HE [d=5,x=12926,y=12739,w=2987,h=3289] [d=1,x=512,y=0,w=512,h=512]",D024,train
"D24_HE [d=5,x=12926,y=12739,w=2987,h=3289] [d=1,x=512,y=256,w=512,h=512]",D024,train
"D24_HE [d=5,x=12926,y=12739,w=2987,h=3289] [d=1,x=512,y=512,w=512,h=512]",D024,train
"D24_HE [d=5,x=6786,y=14931,w=899,h=1141] [d=1,x=0,y=0,w=512,h=512]",D024,train
"D25_HE [d=5,x=11374,y=4983,w=2325,h=2384] [d=1,x=0,y=0,w=512,h=512]",D025,train
"D25_HE [d=5,x=11374,y=4983,w=2325,h=2384] [d=1,x=0,y=256,w=512,h=512]",D025,train
"D25_HE [d=5,x=11374,y=4983,w=2325,h=2384] [d=1,x=256,y=0,w=512,h=512]",D025,val
"D25_HE [d=5,x=11374,y=4983,w=2325,h=2384] [d=1,x=256,y=256,w=512,h=512]",D025,train
"D25_HE [d=5,x=18185,y=20713,w=5000,h=4436] [d=1,x=0,y=0,w=512,h=512]",D025,train
"D25_HE [d=5,x=18185,y=20713,w=5000,h=4436] [d=1,x=0,y=256,w=512,h=512]",D025,train
"D25_HE [d=5,x=18185,y=20713,w=5000,h=4436] [d=1,x=0,y=512,w=512,h=512]",D025,val
"D25_HE [d=5,x=18185,y=20713,w=5000,h=4436] [d=1,x=0,y=768,w=512,h=512]",D025,train
"D25_HE [d=5,x=18185,y=20713,w=5000,h=4436] [d=1,x=256,y=0,w=512,h=512]",D025,train
"D25_HE [d=5,x=18185,y=20713,w=5000,h=4436] [d=1,x=256,y=256,w=512,h=512]",D025,train
"D25_HE [d=5,x=18185,y=20713,w=5000,h=4436] [d=1,x=256,y=512,w=512,h=512]",D025,train
"D25_HE [d=5,x=18185,y=20713,w=5000,h=4436] [d=1,x=256,y=768,w=512,h=512]",D025,val
"D25_HE [d=5,x=18185,y=20713,w=5000,h=4436] [d=1,x=512,y=0,w=512,h=512]",D025,train
"D25_HE [d=5,x=18185,y=20713,w=5000,h=4436] [d=1,x=512,y=256,w=512,h=512]",D025,train
"D25_HE [d=5,x=18185,y=20713,w=5000,h=4436] [d=1,x=512,y=512,w=512,h=512]",D025,train
"D25_HE [d=5,x=18185,y=20713,w=5000,h=4436] [d=1,x=512,y=768,w=512,h=512]",D025,train
"D25_HE [d=5,x=18185,y=20713,w=5000,h=4436] [d=1,x=768,y=0,w=512,h=512]",D025,train
"D25_HE [d=5,x=18185,y=20713,w=5000,h=4436] [d=1,x=768,y=256,w=512,h=512]",D025,train
"D25_HE [d=5,x=18185,y=20713,w=5000,h=4436] [d=1,x=768,y=512,w=512,h=512]",D025,train
"D25_HE [d=5,x=18185,y=20713,w=5000,h=4436] [d=1,x=768,y=768,w=512,h=512]",D025,val
"D25_HE [d=5,x=19529,y=22461,w=2146,h=2161] [d=1,x=0,y=0,w=512,h=512]",D025,train
"D25_HE [d=5,x=19529,y=22461,w=2146,h=2161] [d=1,x=0,y=256,w=512,h=512]",D025,val
"D25_HE [d=5,x=19529,y=22461,w=2146,h=2161] [d=1,x=256,y=0,w=512,h=512]",D025,train
"D25_HE [d=5,x=19529,y=22461,w=2146,h=2161] [d=1,x=256,y=256,w=512,h=512]",D025,val
"D25_HE [d=5,x=26728,y=22781,w=793,h=1102] [d=1,x=0,y=0,w=512,h=512]",D025,val
"D25_HE [d=5,x=8164,y=3265,w=2422,h=2385] [d=1,x=0,y=0,w=512,h=512]",D025,train
"D25_HE [d=5,x=8164,y=3265,w=2422,h=2385] [d=1,x=0,y=256,w=512,h=512]",D025,val
"D25_HE [d=5,x=8164,y=3265,w=2422,h=2385] [d=1,x=256,y=0,w=512,h=512]",D025,train
"D25_HE [d=5,x=8164,y=3265,w=2422,h=2385] [d=1,x=256,y=256,w=512,h=512]",D025,train
"D25_HE [d=5,x=9598,y=12063,w=2258,h=2160] [d=1,x=0,y=0,w=512,h=512]",D025,train
"D25_HE [d=5,x=9598,y=12063,w=2258,h=2160] [d=1,x=0,y=256,w=512,h=512]",D025,train
"D25_HE [d=5,x=9598,y=12063,w=2258,h=2160] [d=1,x=256,y=0,w=512,h=512]",D025,train
"D25_HE [d=5,x=9598,y=12063,w=2258,h=2160] [d=1,x=256,y=256,w=512,h=512]",D025,train
"D26_HE [d=5,x=11125,y=20248,w=2132,h=1920] [d=1,x=0,y=0,w=512,h=512]",D026,train
"D26_HE [d=5,x=11125,y=20248,w=2132,h=1920] [d=1,x=0,y=256,w=512,h=512]",D026,train
"D26_HE [d=5,x=11125,y=20248,w=2132,h=1920] [d=1,x=256,y=0,w=512,h=512]",D026,train
"D26_HE [d=5,x=11125,y=20248,w=2132,h=1920] [d=1,x=256,y=256,w=512,h=512]",D026,train
"D26_HE [d=5,x=13487,y=20637,w=2041,h=2141] [d=1,x=0,y=0,w=512,h=512]",D026,train
"D26_HE [d=5,x=13487,y=20637,w=2041,h=2141] [d=1,x=0,y=256,w=512,h=512]",D026,val
"D26_HE [d=5,x=13487,y=20637,w=2041,h=2141] [d=1,x=256,y=0,w=512,h=512]",D026,train
"D26_HE [d=5,x=13487,y=20637,w=2041,h=2141] [d=1,x=256,y=256,w=512,h=512]",D026,train
"D26_HE [d=5,x=16170,y=6510,w=3137,h=2758] [d=1,x=0,y=0,w=512,h=512]",D026,val
"D26_HE [d=5,x=16170,y=6510,w=3137,h=2758] [d=1,x=0,y=256,w=512,h=512]",D026,train
"D26_HE [d=5,x=16170,y=6510,w=3137,h=2758] [d=1,x=0,y=512,w=512,h=512]",D026,train
"D26_HE [d=5,x=16170,y=6510,w=3137,h=2758] [d=1,x=256,y=0,w=512,h=512]",D026,train
"D26_HE [d=5,x=16170,y=6510,w=3137,h=2758] [d=1,x=256,y=256,w=512,h=512]",D026,train
"D26_HE [d=5,x=16170,y=6510,w=3137,h=2758] [d=1,x=256,y=512,w=512,h=512]",D026,train
"D26_HE [d=5,x=16170,y=6510,w=3137,h=2758] [d=1,x=512,y=0,w=512,h=512]",D026,train
"D26_HE [d=5,x=16170,y=6510,w=3137,h=2758] [d=1,x=512,y=256,w=512,h=512]",D026,train
"D26_HE [d=5,x=16170,y=6510,w=3137,h=2758] [d=1,x=512,y=512,w=512,h=512]",D026,train
"D26_HE [d=5,x=16508,y=13197,w=1462,h=2119] [d=1,x=0,y=0,w=512,h=512]",D026,train
"D26_HE [d=5,x=16508,y=13197,w=1462,h=2119] [d=1,x=0,y=256,w=512,h=512]",D026,val
"D26_HE [d=5,x=16508,y=13197,w=1462,h=2119] [d=1,x=256,y=0,w=512,h=512]",D026,val
"D26_HE [d=5,x=16508,y=13197,w=1462,h=2119] [d=1,x=256,y=256,w=512,h=512]",D026,train
"D26_HE [d=5,x=19840,y=13068,w=2102,h=2596] [d=1,x=0,y=0,w=512,h=512]",D026,val
"D26_HE [d=5,x=19840,y=13068,w=2102,h=2596] [d=1,x=0,y=256,w=512,h=512]",D026,train
"D26_HE [d=5,x=19840,y=13068,w=2102,h=2596] [d=1,x=0,y=512,w=512,h=512]",D026,train
"D26_HE [d=5,x=19840,y=13068,w=2102,h=2596] [d=1,x=256,y=0,w=512,h=512]",D026,val
"D26_HE [d=5,x=19840,y=13068,w=2102,h=2596] [d=1,x=256,y=256,w=512,h=512]",D026,train
"D26_HE [d=5,x=19840,y=13068,w=2102,h=2596] [d=1,x=256,y=512,w=512,h=512]",D026,train
"D26_HE [d=5,x=20638,y=19008,w=2385,h=2517] [d=1,x=0,y=0,w=512,h=512]",D026,val
"D26_HE [d=5,x=20638,y=19008,w=2385,h=2517] [d=1,x=0,y=256,w=512,h=512]",D026,train
"D26_HE [d=5,x=20638,y=19008,w=2385,h=2517] [d=1,x=256,y=0,w=512,h=512]",D026,val
"D26_HE [d=5,x=20638,y=19008,w=2385,h=2517] [d=1,x=256,y=256,w=512,h=512]",D026,train
"D26_HE [d=5,x=21284,y=22238,w=2703,h=2908] [d=1,x=0,y=0,w=512,h=512]",D026,train
"D26_HE [d=5,x=21284,y=22238,w=2703,h=2908] [d=1,x=0,y=256,w=512,h=512]",D026,val
"D26_HE [d=5,x=21284,y=22238,w=2703,h=2908] [d=1,x=0,y=512,w=512,h=512]",D026,val
"D26_HE [d=5,x=21284,y=22238,w=2703,h=2908] [d=1,x=256,y=0,w=512,h=512]",D026,train
"D26_HE [d=5,x=21284,y=22238,w=2703,h=2908] [d=1,x=256,y=256,w=512,h=512]",D026,train
"D26_HE [d=5,x=21284,y=22238,w=2703,h=2908] [d=1,x=256,y=512,w=512,h=512]",D026,train
"D26_HE [d=5,x=21284,y=22238,w=2703,h=2908] [d=1,x=512,y=0,w=512,h=512]",D026,train
"D26_HE [d=5,x=21284,y=22238,w=2703,h=2908] [d=1,x=512,y=256,w=512,h=512]",D026,train
"D26_HE [d=5,x=21284,y=22238,w=2703,h=2908] [d=1,x=512,y=512,w=512,h=512]",D026,train
"D26_HE [d=5,x=21348,y=7699,w=2238,h=2529] [d=1,x=0,y=0,w=512,h=512]",D026,train
"D26_HE [d=5,x=21348,y=7699,w=2238,h=2529] [d=1,x=0,y=256,w=512,h=512]",D026,val
"D26_HE [d=5,x=21348,y=7699,w=2238,h=2529] [d=1,x=256,y=0,w=512,h=512]",D026,val
"D26_HE [d=5,x=21348,y=7699,w=2238,h=2529] [d=1,x=256,y=256,w=512,h=512]",D026,train
"D26_HE [d=5,x=8907,y=22760,w=1650,h=1972] [d=1,x=0,y=0,w=512,h=512]",D026,train
"D26_HE [d=5,x=8907,y=22760,w=1650,h=1972] [d=1,x=0,y=256,w=512,h=512]",D026,train
"D26_HE [d=5,x=8907,y=22760,w=1650,h=1972] [d=1,x=256,y=0,w=512,h=512]",D026,train
"D26_HE [d=5,x=8907,y=22760,w=1650,h=1972] [d=1,x=256,y=256,w=512,h=512]",D026,train
"D27_HE [d=5,x=10649,y=12114,w=2701,h=3195] [d=1,x=0,y=0,w=512,h=512]",D027,train
"D27_HE [d=5,x=10649,y=12114,w=2701,h=3195] [d=1,x=0,y=256,w=512,h=512]",D027,train
"D27_HE [d=5,x=10649,y=12114,w=2701,h=3195] [d=1,x=0,y=512,w=512,h=512]",D027,train
"D27_HE [d=5,x=10649,y=12114,w=2701,h=3195] [d=1,x=256,y=0,w=512,h=512]",D027,train
"D27_HE [d=5,x=10649,y=12114,w=2701,h=3195] [d=1,x=256,y=256,w=512,h=512]",D027,val
"D27_HE [d=5,x=10649,y=12114,w=2701,h=3195] [d=1,x=256,y=512,w=512,h=512]",D027,val
"D27_HE [d=5,x=10649,y=12114,w=2701,h=3195] [d=1,x=512,y=0,w=512,h=512]",D027,val
"D27_HE [d=5,x=10649,y=12114,w=2701,h=3195] [d=1,x=512,y=256,w=512,h=512]",D027,train
"D27_HE [d=5,x=10649,y=12114,w=2701,h=3195] [d=1,x=512,y=512,w=512,h=512]",D027,val
"D28_HE [d=5,x=12343,y=23626,w=3641,h=2956] [d=1,x=0,y=0,w=512,h=512]",D028,train
"D28_HE [d=5,x=12343,y=23626,w=3641,h=2956] [d=1,x=0,y=256,w=512,h=512]",D028,val
"D28_HE [d=5,x=12343,y=23626,w=3641,h=2956] [d=1,x=0,y=512,w=512,h=512]",D028,train
"D28_HE [d=5,x=12343,y=23626,w=3641,h=2956] [d=1,x=256,y=0,w=512,h=512]",D028,train
"D28_HE [d=5,x=12343,y=23626,w=3641,h=2956] [d=1,x=256,y=256,w=512,h=512]",D028,train
"D28_HE [d=5,x=12343,y=23626,w=3641,h=2956] [d=1,x=256,y=512,w=512,h=512]",D028,val
"D28_HE [d=5,x=12343,y=23626,w=3641,h=2956] [d=1,x=512,y=0,w=512,h=512]",D028,val
"D28_HE [d=5,x=12343,y=23626,w=3641,h=2956] [d=1,x=512,y=256,w=512,h=512]",D028,train
"D28_HE [d=5,x=12343,y=23626,w=3641,h=2956] [d=1,x=512,y=512,w=512,h=512]",D028,train
"D28_HE [d=5,x=31066,y=37746,w=5000,h=5000] [d=1,x=0,y=0,w=512,h=512]",D028,train
"D28_HE [d=5,x=31066,y=37746,w=5000,h=5000] [d=1,x=0,y=256,w=512,h=512]",D028,val
"D28_HE [d=5,x=31066,y=37746,w=5000,h=5000] [d=1,x=0,y=512,w=512,h=512]",D028,train
"D28_HE [d=5,x=31066,y=37746,w=5000,h=5000] [d=1,x=0,y=768,w=512,h=512]",D028,val
"D28_HE [d=5,x=31066,y=37746,w=5000,h=5000] [d=1,x=256,y=0,w=512,h=512]",D028,train
"D28_HE [d=5,x=31066,y=37746,w=5000,h=5000] [d=1,x=256,y=256,w=512,h=512]",D028,train
"D28_HE [d=5,x=31066,y=37746,w=5000,h=5000] [d=1,x=256,y=512,w=512,h=512]",D028,val
"D28_HE [d=5,x=31066,y=37746,w=5000,h=5000] [d=1,x=256,y=768,w=512,h=512]",D028,train
"D28_HE [d=5,x=31066,y=37746,w=5000,h=5000] [d=1,x=512,y=0,w=512,h=512]",D028,train
"D28_HE [d=5,x=31066,y=37746,w=5000,h=5000] [d=1,x=512,y=256,w=512,h=512]",D028,val
"D28_HE [d=5,x=31066,y=37746,w=5000,h=5000] [d=1,x=512,y=512,w=512,h=512]",D028,train
"D28_HE [d=5,x=31066,y=37746,w=5000,h=5000] [d=1,x=512,y=768,w=512,h=512]",D028,train
"D28_HE [d=5,x=31066,y=37746,w=5000,h=5000] [d=1,x=768,y=0,w=512,h=512]",D028,val
"D28_HE [d=5,x=31066,y=37746,w=5000,h=5000] [d=1,x=768,y=256,w=512,h=512]",D028,train
"D28_HE [d=5,x=31066,y=37746,w=5000,h=5000] [d=1,x=768,y=512,w=512,h=512]",D028,train
"D28_HE [d=5,x=31066,y=37746,w=5000,h=5000] [d=1,x=768,y=768,w=512,h=512]",D028,train
"D30_HE [d=5,x=15750,y=52851,w=1477,h=1723] [d=1,x=0,y=0,w=512,h=512]",D030,train
"D30_HE [d=5,x=15750,y=52851,w=1477,h=1723] [d=1,x=0,y=256,w=512,h=512]",D030,train
"D30_HE [d=5,x=15750,y=52851,w=1477,h=1723] [d=1,x=256,y=0,w=512,h=512]",D030,train
"D30_HE [d=5,x=15750,y=52851,w=1477,h=1723] [d=1,x=256,y=256,w=512,h=512]",D030,train
"D30_HE [d=5,x=59221,y=47689,w=1520,h=1585] [d=1,x=0,y=0,w=512,h=512]",D030,train
"D30_HE [d=5,x=59221,y=47689,w=1520,h=1585] [d=1,x=0,y=256,w=512,h=512]",D030,train
"D30_HE [d=5,x=59221,y=47689,w=1520,h=1585] [d=1,x=256,y=0,w=512,h=512]",D030,train
"D30_HE [d=5,x=59221,y=47689,w=1520,h=1585] [d=1,x=256,y=256,w=512,h=512]",D030,train
"D31_HE [d=5,x=49890,y=15218,w=5000,h=5000] [d=1,x=0,y=0,w=512,h=512]",D031,train
"D31_HE [d=5,x=49890,y=15218,w=5000,h=5000] [d=1,x=0,y=256,w=512,h=512]",D031,train
"D31_HE [d=5,x=49890,y=15218,w=5000,h=5000] [d=1,x=0,y=512,w=512,h=512]",D031,train
"D31_HE [d=5,x=49890,y=15218,w=5000,h=5000] [d=1,x=0,y=768,w=512,h=512]",D031,train
"D31_HE [d=5,x=49890,y=15218,w=5000,h=5000] [d=1,x=256,y=0,w=512,h=512]",D031,train
"D31_HE [d=5,x=49890,y=15218,w=5000,h=5000] [d=1,x=256,y=256,w=512,h=512]",D031,train
"D31_HE [d=5,x=49890,y=15218,w=5000,h=5000] [d=1,x=256,y=512,w=512,h=512]",D031,train
"D31_HE [d=5,x=49890,y=15218,w=5000,h=5000] [d=1,x=256,y=768,w=512,h=512]",D031,train
"D31_HE [d=5,x=49890,y=15218,w=5000,h=5000] [d=1,x=512,y=0,w=512,h=512]",D031,train
"D31_HE [d=5,x=49890,y=15218,w=5000,h=5000] [d=1,x=512,y=256,w=512,h=512]",D031,train
"D31_HE [d=5,x=49890,y=15218,w=5000,h=5000] [d=1,x=512,y=512,w=512,h=512]",D031,train
"D31_HE [d=5,x=49890,y=15218,w=5000,h=5000] [d=1,x=512,y=768,w=512,h=512]",D031,train
"D31_HE [d=5,x=49890,y=15218,w=5000,h=5000] [d=1,x=768,y=0,w=512,h=512]",D031,train
"D31_HE [d=5,x=49890,y=15218,w=5000,h=5000] [d=1,x=768,y=256,w=512,h=512]",D031,train
"D31_HE [d=5,x=49890,y=15218,w=5000,h=5000] [d=1,x=768,y=512,w=512,h=512]",D031,train
"D31_HE [d=5,x=49890,y=15218,w=5000,h=5000] [d=1,x=768,y=768,w=512,h=512]",D031,train
"D31_HE [d=5,x=50345,y=33875,w=4555,h=4976] [d=1,x=0,y=0,w=512,h=512]",D031,train
"D31_HE [d=5,x=50345,y=33875,w=4555,h=4976] [d=1,x=0,y=256,w=512,h=512]",D031,train
"D31_HE [d=5,x=50345,y=33875,w=4555,h=4976] [d=1,x=0,y=512,w=512,h=512]",D031,val
"D31_HE [d=5,x=50345,y=33875,w=4555,h=4976] [d=1,x=0,y=768,w=512,h=512]",D031,train
"D31_HE [d=5,x=50345,y=33875,w=4555,h=4976] [d=1,x=256,y=0,w=512,h=512]",D031,train
"D31_HE [d=5,x=50345,y=33875,w=4555,h=4976] [d=1,x=256,y=256,w=512,h=512]",D031,val
"D31_HE [d=5,x=50345,y=33875,w=4555,h=4976] [d=1,x=256,y=512,w=512,h=512]",D031,train
"D31_HE [d=5,x=50345,y=33875,w=4555,h=4976] [d=1,x=256,y=768,w=512,h=512]",D031,train
"D31_HE [d=5,x=50345,y=33875,w=4555,h=4976] [d=1,x=512,y=0,w=512,h=512]",D031,val
"D31_HE [d=5,x=50345,y=33875,w=4555,h=4976] [d=1,x=512,y=256,w=512,h=512]",D031,train
"D31_HE [d=5,x=50345,y=33875,w=4555,h=4976] [d=1,x=512,y=512,w=512,h=512]",D031,train
"D31_HE [d=5,x=50345,y=33875,w=4555,h=4976] [d=1,x=512,y=768,w=512,h=512]",D031,train
"D31_HE [d=5,x=50345,y=33875,w=4555,h=4976] [d=1,x=768,y=0,w=512,h=512]",D031,val
"D31_HE [d=5,x=50345,y=33875,w=4555,h=4976] [d=1,x=768,y=256,w=512,h=512]",D031,train
"D31_HE [d=5,x=50345,y=33875,w=4555,h=4976] [d=1,x=768,y=512,w=512,h=512]",D031,train
"D31_HE [d=5,x=50345,y=33875,w=4555,h=4976] [d=1,x=768,y=768,w=512,h=512]",D031,val
"D33_HE [d=5,x=12066,y=30154,w=5000,h=5000] [d=1,x=0,y=0,w=512,h=512]",D033,train
"D33_HE [d=5,x=12066,y=30154,w=5000,h=5000] [d=1,x=0,y=256,w=512,h=512]",D033,val
"D33_HE [d=5,x=12066,y=30154,w=5000,h=5000] [d=1,x=0,y=512,w=512,h=512]",D033,train
"D33_HE [d=5,x=12066,y=30154,w=5000,h=5000] [d=1,x=0,y=768,w=512,h=512]",D033,train
"D33_HE [d=5,x=12066,y=30154,w=5000,h=5000] [d=1,x=256,y=0,w=512,h=512]",D033,val
"D33_HE [d=5,x=12066,y=30154,w=5000,h=5000] [d=1,x=256,y=256,w=512,h=512]",D033,train
"D33_HE [d=5,x=12066,y=30154,w=5000,h=5000] [d=1,x=256,y=512,w=512,h=512]",D033,val
"D33_HE [d=5,x=12066,y=30154,w=5000,h=5000] [d=1,x=256,y=768,w=512,h=512]",D033,train
"D33_HE [d=5,x=12066,y=30154,w=5000,h=5000] [d=1,x=512,y=0,w=512,h=512]",D033,train
"D33_HE [d=5,x=12066,y=30154,w=5000,h=5000] [d=1,x=512,y=256,w=512,h=512]",D033,val
"D33_HE [d=5,x=12066,y=30154,w=5000,h=5000] [d=1,x=512,y=512,w=512,h=512]",D033,train
"D33_HE [d=5,x=12066,y=30154,w=5000,h=5000] [d=1,x=512,y=768,w=512,h=512]",D033,train
"D33_HE [d=5,x=12066,y=30154,w=5000,h=5000] [d=1,x=768,y=0,w=512,h=512]",D033,train
"D33_HE [d=5,x=12066,y=30154,w=5000,h=5000] [d=1,x=768,y=256,w=512,h=512]",D033,train
"D33_HE [d=5,x=12066,y=30154,w=5000,h=5000] [d=1,x=768,y=512,w=512,h=512]",D033,train
"D33_HE [d=5,x=12066,y=30154,w=5000,h=5000] [d=1,x=768,y=768,w=512,h=512]",D033,train
"D33_HE [d=5,x=5375,y=46575,w=11800,h=13393] [d=1,x=0,y=0,w=512,h=512]",D033,val
"D33_HE [d=5,x=5375,y=46575,w=11800,h=13393] [d=1,x=0,y=1024,w=512,h=512]",D033,val
"D33_HE [d=5,x=5375,y=46575,w=11800,h=13393] [d=1,x=0,y=1280,w=512,h=512]",D033,train
"D33_HE [d=5,x=5375,y=46575,w=11800,h=13393] [d=1,x=0,y=1536,w=512,h=512]",D033,val
"D33_HE [d=5,x=5375,y=46575,w=11800,h=13393] [d=1,x=0,y=1792,w=512,h=512]",D033,train
"D33_HE [d=5,x=5375,y=46575,w=11800,h=13393] [d=1,x=0,y=2048,w=512,h=512]",D033,train
"D33_HE [d=5,x=5375,y=46575,w=11800,h=13393] [d=1,x=0,y=2304,w=512,h=512]",D033,train
"D33_HE [d=5,x=5375,y=46575,w=11800,h=13393] [d=1,x=0,y=256,w=512,h=512]",D033,train
"D33_HE [d=5,x=5375,y=46575,w=11800,h=13393] [d=1,x=0,y=2560,w=512,h=512]",D033,train
"D33_HE [d=5,x=5375,y=46575,w=11800,h=13393] [d=1,x=0,y=512,w=512,h=512]",D033,train
"D33_HE [d=5,x=5375,y=46575,w=11800,h=13393] [d=1,x=0,y=768,w=512,h=512]",D033,train
"D33_HE [d=5,x=5375,y=46575,w=11800,h=13393] [d=1,x=1024,y=0,w=512,h=512]",D033,train
"D33_HE [d=5,x=5375,y=46575,w=11800,h=13393] [d=1,x=1024,y=1024,w=512,h=512]",D033,train
"D33_HE [d=5,x=5375,y=46575,w=11800,h=13393] [d=1,x=1024,y=1280,w=512,h=512]",D033,val
"D33_HE [d=5,x=5375,y=46575,w=11800,h=13393] [d=1,x=1024,y=1536,w=512,h=512]",D033,train
"D33_HE [d=5,x=5375,y=46575,w=11800,h=13393] [d=1,x=1024,y=1792,w=512,h=512]",D033,val
"D33_HE [d=5,x=5375,y=46575,w=11800,h=13393] [d=1,x=1024,y=2048,w=512,h=512]",D033,val
"D33_HE [d=5,x=5375,y=46575,w=11800,h=13393] [d=1,x=1024,y=2304,w=512,h=512]",D033,train
"D33_HE [d=5,x=5375,y=46575,w=11800,h=13393] [d=1,x=1024,y=256,w=512,h=512]",D033,train
"D33_HE [d=5,x=5375,y=46575,w=11800,h=13393] [d=1,x=1024,y=2560,w=512,h=512]",D033,train
"D33_HE [d=5,x=5375,y=46575,w=11800,h=13393] [d=1,x=1024,y=512,w=512,h=512]",D033,train
"D33_HE [d=5,x=5375,y=46575,w=11800,h=13393] [d=1,x=1024,y=768,w=512,h=512]",D033,train
"D33_HE [d=5,x=5375,y=46575,w=11800,h=13393] [d=1,x=1280,y=0,w=512,h=512]",D033,train
"D33_HE [d=5,x=5375,y=46575,w=11800,h=13393] [d=1,x=1280,y=1024,w=512,h=512]",D033,train
"D33_HE [d=5,x=5375,y=46575,w=11800,h=13393] [d=1,x=1280,y=1280,w=512,h=512]",D033,train
"D33_HE [d=5,x=5375,y=46575,w=11800,h=13393] [d=1,x=1280,y=1536,w=512,h=512]",D033,train
"D33_HE [d=5,x=5375,y=46575,w=11800,h=13393] [d=1,x=1280,y=1792,w=512,h=512]",D033,train
"D33_HE [d=5,x=5375,y=46575,w=11800,h=13393] [d=1,x=1280,y=2048,w=512,h=512]",D033,train
"D33_HE [d=5,x=5375,y=46575,w=11800,h=13393] [d=1,x=1280,y=2304,w=512,h=512]",D033,val
"D33_HE [d=5,x=5375,y=46575,w=11800,h=13393] [d=1,x=1280,y=256,w=512,h=512]",D033,val
"D33_HE [d=5,x=5375,y=46575,w=11800,h=13393] [d=1,x=1280,y=2560,w=512,h=512]",D033,train
"D33_HE [d=5,x=5375,y=46575,w=11800,h=13393] [d=1,x=1280,y=512,w=512,h=512]",D033,val
"D33_HE [d=5,x=5375,y=46575,w=11800,h=13393] [d=1,x=1280,y=768,w=512,h=512]",D033,train
"D33_HE [d=5,x=5375,y=46575,w=11800,h=13393] [d=1,x=1536,y=0,w=512,h=512]",D033,train
"D33_HE [d=5,x=5375,y=46575,w=11800,h=13393] [d=1,x=1536,y=1024,w=512,h=512]",D033,train
"D33_HE [d=5,x=5375,y=46575,w=11800,h=13393] [d=1,x=1536,y=1280,w=512,h=512]",D033,train
"D33_HE [d=5,x=5375,y=46575,w=11800,h=13393] [d=1,x=1536,y=1536,w=512,h=512]",D033,train
"D33_HE [d=5,x=5375,y=46575,w=11800,h=13393] [d=1,x=1536,y=1792,w=512,h=512]",D033,train
"D33_HE [d=5,x=5375,y=46575,w=11800,h=13393] [d=1,x=1536,y=2048,w=512,h=512]",D033,train
"D33_HE [d=5,x=5375,y=46575,w=11800,h=13393] [d=1,x=1536,y=2304,w=512,h=512]",D033,train
"D33_HE [d=5,x=5375,y=46575,w=11800,h=13393] [d=1,x=1536,y=256,w=512,h=512]",D033,train
"D33_HE [d=5,x=5375,y=46575,w=11800,h=13393] [d=1,x=1536,y=2560,w=512,h=512]",D033,train
"D33_HE [d=5,x=5375,y=46575,w=11800,h=13393] [d=1,x=1536,y=512,w=512,h=512]",D033,train
"D33_HE [d=5,x=5375,y=46575,w=11800,h=13393] [d=1,x=1536,y=768,w=512,h=512]",D033,train
"D33_HE [d=5,x=5375,y=46575,w=11800,h=13393] [d=1,x=1792,y=0,w=512,h=512]",D033,train
"D33_HE [d=5,x=5375,y=46575,w=11800,h=13393] [d=1,x=1792,y=1024,w=512,h=512]",D033,train
"D33_HE [d=5,x=5375,y=46575,w=11800,h=13393] [d=1,x=1792,y=1280,w=512,h=512]",D033,train
"D33_HE [d=5,x=5375,y=46575,w=11800,h=13393] [d=1,x=1792,y=1536,w=512,h=512]",D033,val
"D33_HE [d=5,x=5375,y=46575,w=11800,h=13393] [d=1,x=1792,y=1792,w=512,h=512]",D033,train
"D33_HE [d=5,x=5375,y=46575,w=11800,h=13393] [d=1,x=1792,y=2048,w=512,h=512]",D033,train
"D33_HE [d=5,x=5375,y=46575,w=11800,h=13393] [d=1,x=1792,y=2304,w=512,h=512]",D033,train
"D33_HE [d=5,x=5375,y=46575,w=11800,h=13393] [d=1,x=1792,y=256,w=512,h=512]",D033,train
"D33_HE [d=5,x=5375,y=46575,w=11800,h=13393] [d=1,x=1792,y=2560,w=512,h=512]",D033,val
"D33_HE [d=5,x=5375,y=46575,w=11800,h=13393] [d=1,x=1792,y=512,w=512,h=512]",D033,train
"D33_HE [d=5,x=5375,y=46575,w=11800,h=13393] [d=1,x=1792,y=768,w=512,h=512]",D033,train
"D33_HE [d=5,x=5375,y=46575,w=11800,h=13393] [d=1,x=2048,y=0,w=512,h=512]",D033,train
"D33_HE [d=5,x=5375,y=46575,w=11800,h=13393] [d=1,x=2048,y=1024,w=512,h=512]",D033,train
"D33_HE [d=5,x=5375,y=46575,w=11800,h=13393] [d=1,x=2048,y=1280,w=512,h=512]",D033,val
"D33_HE [d=5,x=5375,y=46575,w=11800,h=13393] [d=1,x=2048,y=1536,w=512,h=512]",D033,train
"D33_HE [d=5,x=5375,y=46575,w=11800,h=13393] [d=1,x=2048,y=1792,w=512,h=512]",D033,train
"D33_HE [d=5,x=5375,y=46575,w=11800,h=13393] [d=1,x=2048,y=2048,w=512,h=512]",D033,train
"D33_HE [d=5,x=5375,y=46575,w=11800,h=13393] [d=1,x=2048,y=2304,w=512,h=512]",D033,train
"D33_HE [d=5,x=5375,y=46575,w=11800,h=13393] [d=1,x=2048,y=256,w=512,h=512]",D033,train
"D33_HE [d=5,x=5375,y=46575,w=11800,h=13393] [d=1,x=2048,y=2560,w=512,h=512]",D033,train
"D33_HE [d=5,x=5375,y=46575,w=11800,h=13393] [d=1,x=2048,y=512,w=512,h=512]",D033,train
"D33_HE [d=5,x=5375,y=46575,w=11800,h=13393] [d=1,x=2048,y=768,w=512,h=512]",D033,train
"D33_HE [d=5,x=5375,y=46575,w=11800,h=13393] [d=1,x=2304,y=0,w=512,h=512]",D033,val
"D33_HE [d=5,x=5375,y=46575,w=11800,h=13393] [d=1,x=2304,y=1024,w=512,h=512]",D033,train
"D33_HE [d=5,x=5375,y=46575,w=11800,h=13393] [d=1,x=2304,y=1280,w=512,h=512]",D033,val
"D33_HE [d=5,x=5375,y=46575,w=11800,h=13393] [d=1,x=2304,y=1536,w=512,h=512]",D033,train
"D33_HE [d=5,x=5375,y=46575,w=11800,h=13393] [d=1,x=2304,y=1792,w=512,h=512]",D033,train
"D33_HE [d=5,x=5375,y=46575,w=11800,h=13393] [d=1,x=2304,y=2048,w=512,h=512]",D033,val
"D33_HE [d=5,x=5375,y=46575,w=11800,h=13393] [d=1,x=2304,y=2304,w=512,h=512]",D033,train
"D33_HE [d=5,x=5375,y=46575,w=11800,h=13393] [d=1,x=2304,y=256,w=512,h=512]",D033,val
"D33_HE [d=5,x=5375,y=46575,w=11800,h=13393] [d=1,x=2304,y=2560,w=512,h=512]",D033,train
"D33_HE [d=5,x=5375,y=46575,w=11800,h=13393] [d=1,x=2304,y=512,w=512,h=512]",D033,train
"D33_HE [d=5,x=5375,y=46575,w=11800,h=13393] [d=1,x=2304,y=768,w=512,h=512]",D033,train
"D33_HE [d=5,x=5375,y=46575,w=11800,h=13393] [d=1,x=256,y=0,w=512,h=512]",D033,train
"D33_HE [d=5,x=5375,y=46575,w=11800,h=13393] [d=1,x=256,y=1024,w=512,h=512]",D033,train
"D33_HE [d=5,x=5375,y=46575,w=11800,h=13393] [d=1,x=256,y=1280,w=512,h=512]",D033,train
"D33_HE [d=5,x=5375,y=46575,w=11800,h=13393] [d=1,x=256,y=1536,w=512,h=512]",D033,val
"D33_HE [d=5,x=5375,y=46575,w=11800,h=13393] [d=1,x=256,y=1792,w=512,h=512]",D033,train
"D33_HE [d=5,x=5375,y=46575,w=11800,h=13393] [d=1,x=256,y=2048,w=512,h=512]",D033,val
"D33_HE [d=5,x=5375,y=46575,w=11800,h=13393] [d=1,x=256,y=2304,w=512,h=512]",D033,train
"D33_HE [d=5,x=5375,y=46575,w=11800,h=13393] [d=1,x=256,y=256,w=512,h=512]",D033,train
"D33_HE [d=5,x=5375,y=46575,w=11800,h=13393] [d=1,x=256,y=2560,w=512,h=512]",D033,train
"D33_HE [d=5,x=5375,y=46575,w=11800,h=13393] [d=1,x=256,y=512,w=512,h=512]",D033,train
"D33_HE [d=5,x=5375,y=46575,w=11800,h=13393] [d=1,x=256,y=768,w=512,h=512]",D033,val
"D33_HE [d=5,x=5375,y=46575,w=11800,h=13393] [d=1,x=512,y=0,w=512,h=512]",D033,train
"D33_HE [d=5,x=5375,y=46575,w=11800,h=13393] [d=1,x=512,y=1024,w=512,h=512]",D033,train
"D33_HE [d=5,x=5375,y=46575,w=11800,h=13393] [d=1,x=512,y=1280,w=512,h=512]",D033,val
"D33_HE [d=5,x=5375,y=46575,w=11800,h=13393] [d=1,x=512,y=1536,w=512,h=512]",D033,train
"D33_HE [d=5,x=5375,y=46575,w=11800,h=13393] [d=1,x=512,y=1792,w=512,h=512]",D033,train
"D33_HE [d=5,x=5375,y=46575,w=11800,h=13393] [d=1,x=512,y=2048,w=512,h=512]",D033,train
"D33_HE [d=5,x=5375,y=46575,w=11800,h=13393] [d=1,x=512,y=2304,w=512,h=512]",D033,train
"D33_HE [d=5,x=5375,y=46575,w=11800,h=13393] [d=1,x=512,y=256,w=512,h=512]",D033,train
"D33_HE [d=5,x=5375,y=46575,w=11800,h=13393] [d=1,x=512,y=2560,w=512,h=512]",D033,train
"D33_HE [d=5,x=5375,y=46575,w=11800,h=13393] [d=1,x=512,y=512,w=512,h=512]",D033,train
"D33_HE [d=5,x=5375,y=46575,w=11800,h=13393] [d=1,x=512,y=768,w=512,h=512]",D033,train
"D33_HE [d=5,x=5375,y=46575,w=11800,h=13393] [d=1,x=768,y=0,w=512,h=512]",D033,train
"D33_HE [d=5,x=5375,y=46575,w=11800,h=13393] [d=1,x=768,y=1024,w=512,h=512]",D033,train
"D33_HE [d=5,x=5375,y=46575,w=11800,h=13393] [d=1,x=768,y=1280,w=512,h=512]",D033,train
"D33_HE [d=5,x=5375,y=46575,w=11800,h=13393] [d=1,x=768,y=1536,w=512,h=512]",D033,val
"D33_HE [d=5,x=5375,y=46575,w=11800,h=13393] [d=1,x=768,y=1792,w=512,h=512]",D033,val
"D33_HE [d=5,x=5375,y=46575,w=11800,h=13393] [d=1,x=768,y=2048,w=512,h=512]",D033,train
"D33_HE [d=5,x=5375,y=46575,w=11800,h=13393] [d=1,x=768,y=2304,w=512,h=512]",D033,train
"D33_HE [d=5,x=5375,y=46575,w=11800,h=13393] [d=1,x=768,y=256,w=512,h=512]",D033,train
"D33_HE [d=5,x=5375,y=46575,w=11800,h=13393] [d=1,x=768,y=2560,w=512,h=512]",D033,train
"D33_HE [d=5,x=5375,y=46575,w=11800,h=13393] [d=1,x=768,y=512,w=512,h=512]",D033,val
"D33_HE [d=5,x=5375,y=46575,w=11800,h=13393] [d=1,x=768,y=768,w=512,h=512]",D033,val
"D33_HE [d=5,x=67066,y=15154,w=5000,h=5000] [d=1,x=0,y=0,w=512,h=512]",D033,val
"D33_HE [d=5,x=67066,y=15154,w=5000,h=5000] [d=1,x=0,y=256,w=512,h=512]",D033,train
"D33_HE [d=5,x=67066,y=15154,w=5000,h=5000] [d=1,x=0,y=512,w=512,h=512]",D033,train
"D33_HE [d=5,x=67066,y=15154,w=5000,h=5000] [d=1,x=0,y=768,w=512,h=512]",D033,train
"D33_HE [d=5,x=67066,y=15154,w=5000,h=5000] [d=1,x=256,y=0,w=512,h=512]",D033,train
"D33_HE [d=5,x=67066,y=15154,w=5000,h=5000] [d=1,x=256,y=256,w=512,h=512]",D033,val
"D33_HE [d=5,x=67066,y=15154,w=5000,h=5000] [d=1,x=256,y=512,w=512,h=512]",D033,val
"D33_HE [d=5,x=67066,y=15154,w=5000,h=5000] [d=1,x=256,y=768,w=512,h=512]",D033,train
"D33_HE [d=5,x=67066,y=15154,w=5000,h=5000] [d=1,x=512,y=0,w=512,h=512]",D033,train
"D33_HE [d=5,x=67066,y=15154,w=5000,h=5000] [d=1,x=512,y=256,w=512,h=512]",D033,train
"D33_HE [d=5,x=67066,y=15154,w=5000,h=5000] [d=1,x=512,y=512,w=512,h=512]",D033,val
"D33_HE [d=5,x=67066,y=15154,w=5000,h=5000] [d=1,x=512,y=768,w=512,h=512]",D033,train
"D33_HE [d=5,x=67066,y=15154,w=5000,h=5000] [d=1,x=768,y=0,w=512,h=512]",D033,train
"D33_HE [d=5,x=67066,y=15154,w=5000,h=5000] [d=1,x=768,y=256,w=512,h=512]",D033,val
"D33_HE [d=5,x=67066,y=15154,w=5000,h=5000] [d=1,x=768,y=512,w=512,h=512]",D033,val
"D33_HE [d=5,x=67066,y=15154,w=5000,h=5000] [d=1,x=768,y=768,w=512,h=512]",D033,train
"D34_HE [d=5,x=59162,y=25474,w=5000,h=5000] [d=1,x=0,y=0,w=512,h=512]",D034,val
"D34_HE [d=5,x=59162,y=25474,w=5000,h=5000] [d=1,x=0,y=256,w=512,h=512]",D034,train
"D34_HE [d=5,x=59162,y=25474,w=5000,h=5000] [d=1,x=0,y=512,w=512,h=512]",D034,train
"D34_HE [d=5,x=59162,y=25474,w=5000,h=5000] [d=1,x=0,y=768,w=512,h=512]",D034,train
"D34_HE [d=5,x=59162,y=25474,w=5000,h=5000] [d=1,x=256,y=0,w=512,h=512]",D034,train
"D34_HE [d=5,x=59162,y=25474,w=5000,h=5000] [d=1,x=256,y=256,w=512,h=512]",D034,val
"D34_HE [d=5,x=59162,y=25474,w=5000,h=5000] [d=1,x=256,y=512,w=512,h=512]",D034,train
"D34_HE [d=5,x=59162,y=25474,w=5000,h=5000] [d=1,x=256,y=768,w=512,h=512]",D034,train
"D34_HE [d=5,x=59162,y=25474,w=5000,h=5000] [d=1,x=512,y=0,w=512,h=512]",D034,train
"D34_HE [d=5,x=59162,y=25474,w=5000,h=5000] [d=1,x=512,y=256,w=512,h=512]",D034,val
"D34_HE [d=5,x=59162,y=25474,w=5000,h=5000] [d=1,x=512,y=512,w=512,h=512]",D034,train
"D34_HE [d=5,x=59162,y=25474,w=5000,h=5000] [d=1,x=512,y=768,w=512,h=512]",D034,val
"D34_HE [d=5,x=59162,y=25474,w=5000,h=5000] [d=1,x=768,y=0,w=512,h=512]",D034,train
"D34_HE [d=5,x=59162,y=25474,w=5000,h=5000] [d=1,x=768,y=256,w=512,h=512]",D034,train
"D34_HE [d=5,x=59162,y=25474,w=5000,h=5000] [d=1,x=768,y=512,w=512,h=512]",D034,val
"D34_HE [d=5,x=59162,y=25474,w=5000,h=5000] [d=1,x=768,y=768,w=512,h=512]",D034,train
"D35_HE [d=5,x=10244,y=41566,w=4454,h=4528] [d=1,x=0,y=0,w=512,h=512]",D035,train
"D35_HE [d=5,x=10244,y=41566,w=4454,h=4528] [d=1,x=0,y=256,w=512,h=512]",D035,train
"D35_HE [d=5,x=10244,y=41566,w=4454,h=4528] [d=1,x=0,y=512,w=512,h=512]",D035,val
"D35_HE [d=5,x=10244,y=41566,w=4454,h=4528] [d=1,x=0,y=768,w=512,h=512]",D035,train
"D35_HE [d=5,x=10244,y=41566,w=4454,h=4528] [d=1,x=256,y=0,w=512,h=512]",D035,train
"D35_HE [d=5,x=10244,y=41566,w=4454,h=4528] [d=1,x=256,y=256,w=512,h=512]",D035,train
"D35_HE [d=5,x=10244,y=41566,w=4454,h=4528] [d=1,x=256,y=512,w=512,h=512]",D035,train
"D35_HE [d=5,x=10244,y=41566,w=4454,h=4528] [d=1,x=256,y=768,w=512,h=512]",D035,val
"D35_HE [d=5,x=10244,y=41566,w=4454,h=4528] [d=1,x=512,y=0,w=512,h=512]",D035,train
"D35_HE [d=5,x=10244,y=41566,w=4454,h=4528] [d=1,x=512,y=256,w=512,h=512]",D035,train
"D35_HE [d=5,x=10244,y=41566,w=4454,h=4528] [d=1,x=512,y=512,w=512,h=512]",D035,train
"D35_HE [d=5,x=10244,y=41566,w=4454,h=4528] [d=1,x=512,y=768,w=512,h=512]",D035,train
"D35_HE [d=5,x=10244,y=41566,w=4454,h=4528] [d=1,x=768,y=0,w=512,h=512]",D035,train
"D35_HE [d=5,x=10244,y=41566,w=4454,h=4528] [d=1,x=768,y=256,w=512,h=512]",D035,train
"D35_HE [d=5,x=10244,y=41566,w=4454,h=4528] [d=1,x=768,y=512,w=512,h=512]",D035,train
"D35_HE [d=5,x=10244,y=41566,w=4454,h=4528] [d=1,x=768,y=768,w=512,h=512]",D035,train
"D35_HE [d=5,x=32285,y=8304,w=3913,h=3561] [d=1,x=0,y=0,w=512,h=512]",D035,val
"D35_HE [d=5,x=32285,y=8304,w=3913,h=3561] [d=1,x=0,y=256,w=512,h=512]",D035,train
"D35_HE [d=5,x=32285,y=8304,w=3913,h=3561] [d=1,x=0,y=512,w=512,h=512]",D035,train
"D35_HE [d=5,x=32285,y=8304,w=3913,h=3561] [d=1,x=256,y=0,w=512,h=512]",D035,train
"D35_HE [d=5,x=32285,y=8304,w=3913,h=3561] [d=1,x=256,y=256,w=512,h=512]",D035,train
"D35_HE [d=5,x=32285,y=8304,w=3913,h=3561] [d=1,x=256,y=512,w=512,h=512]",D035,train
"D35_HE [d=5,x=32285,y=8304,w=3913,h=3561] [d=1,x=512,y=0,w=512,h=512]",D035,train
"D35_HE [d=5,x=32285,y=8304,w=3913,h=3561] [d=1,x=512,y=256,w=512,h=512]",D035,train
"D35_HE [d=5,x=32285,y=8304,w=3913,h=3561] [d=1,x=512,y=512,w=512,h=512]",D035,val
"D35_HE [d=5,x=32285,y=8304,w=3913,h=3561] [d=1,x=768,y=0,w=512,h=512]",D035,train
"D35_HE [d=5,x=32285,y=8304,w=3913,h=3561] [d=1,x=768,y=256,w=512,h=512]",D035,train
"D35_HE [d=5,x=32285,y=8304,w=3913,h=3561] [d=1,x=768,y=512,w=512,h=512]",D035,train
"D35_HE [d=5,x=32806,y=18526,w=3954,h=4562] [d=1,x=0,y=0,w=512,h=512]",D035,val
"D35_HE [d=5,x=32806,y=18526,w=3954,h=4562] [d=1,x=0,y=256,w=512,h=512]",D035,train
"D35_HE [d=5,x=32806,y=18526,w=3954,h=4562] [d=1,x=0,y=512,w=512,h=512]",D035,val
"D35_HE [d=5,x=32806,y=18526,w=3954,h=4562] [d=1,x=0,y=768,w=512,h=512]",D035,train
"D35_HE [d=5,x=32806,y=18526,w=3954,h=4562] [d=1,x=256,y=0,w=512,h=512]",D035,train
"D35_HE [d=5,x=32806,y=18526,w=3954,h=4562] [d=1,x=256,y=256,w=512,h=512]",D035,train
"D35_HE [d=5,x=32806,y=18526,w=3954,h=4562] [d=1,x=256,y=512,w=512,h=512]",D035,train
"D35_HE [d=5,x=32806,y=18526,w=3954,h=4562] [d=1,x=256,y=768,w=512,h=512]",D035,train
"D35_HE [d=5,x=32806,y=18526,w=3954,h=4562] [d=1,x=512,y=0,w=512,h=512]",D035,train
"D35_HE [d=5,x=32806,y=18526,w=3954,h=4562] [d=1,x=512,y=256,w=512,h=512]",D035,train
"D35_HE [d=5,x=32806,y=18526,w=3954,h=4562] [d=1,x=512,y=512,w=512,h=512]",D035,train
"D35_HE [d=5,x=32806,y=18526,w=3954,h=4562] [d=1,x=512,y=768,w=512,h=512]",D035,train
"D35_HE [d=5,x=32806,y=18526,w=3954,h=4562] [d=1,x=768,y=0,w=512,h=512]",D035,val
"D35_HE [d=5,x=32806,y=18526,w=3954,h=4562] [d=1,x=768,y=256,w=512,h=512]",D035,train
"D35_HE [d=5,x=32806,y=18526,w=3954,h=4562] [d=1,x=768,y=512,w=512,h=512]",D035,train
"D35_HE [d=5,x=32806,y=18526,w=3954,h=4562] [d=1,x=768,y=768,w=512,h=512]",D035,train
"D36_HE [d=5,x=11416,y=62755,w=2208,h=2643] [d=1,x=0,y=0,w=512,h=512]",D036,val
"D36_HE [d=5,x=11416,y=62755,w=2208,h=2643] [d=1,x=0,y=256,w=512,h=512]",D036,train
"D36_HE [d=5,x=11416,y=62755,w=2208,h=2643] [d=1,x=0,y=512,w=512,h=512]",D036,val
"D36_HE [d=5,x=11416,y=62755,w=2208,h=2643] [d=1,x=256,y=0,w=512,h=512]",D036,train
"D36_HE [d=5,x=11416,y=62755,w=2208,h=2643] [d=1,x=256,y=256,w=512,h=512]",D036,val
"D36_HE [d=5,x=11416,y=62755,w=2208,h=2643] [d=1,x=256,y=512,w=512,h=512]",D036,train
"D36_HE [d=5,x=35027,y=7913,w=2992,h=3066] [d=1,x=0,y=0,w=512,h=512]",D036,val
"D36_HE [d=5,x=35027,y=7913,w=2992,h=3066] [d=1,x=0,y=256,w=512,h=512]",D036,val
"D36_HE [d=5,x=35027,y=7913,w=2992,h=3066] [d=1,x=0,y=512,w=512,h=512]",D036,train
"D36_HE [d=5,x=35027,y=7913,w=2992,h=3066] [d=1,x=256,y=0,w=512,h=512]",D036,train
"D36_HE [d=5,x=35027,y=7913,w=2992,h=3066] [d=1,x=256,y=256,w=512,h=512]",D036,train
"D36_HE [d=5,x=35027,y=7913,w=2992,h=3066] [d=1,x=256,y=512,w=512,h=512]",D036,train
"D36_HE [d=5,x=35027,y=7913,w=2992,h=3066] [d=1,x=512,y=0,w=512,h=512]",D036,train
"D36_HE [d=5,x=35027,y=7913,w=2992,h=3066] [d=1,x=512,y=256,w=512,h=512]",D036,train
"D36_HE [d=5,x=35027,y=7913,w=2992,h=3066] [d=1,x=512,y=512,w=512,h=512]",D036,train
"D36_HE [d=5,x=43081,y=56350,w=4017,h=4010] [d=1,x=0,y=0,w=512,h=512]",D036,train
"D36_HE [d=5,x=43081,y=56350,w=4017,h=4010] [d=1,x=0,y=256,w=512,h=512]",D036,train
"D36_HE [d=5,x=43081,y=56350,w=4017,h=4010] [d=1,x=0,y=512,w=512,h=512]",D036,train
"D36_HE [d=5,x=43081,y=56350,w=4017,h=4010] [d=1,x=0,y=768,w=512,h=512]",D036,train
"D36_HE [d=5,x=43081,y=56350,w=4017,h=4010] [d=1,x=256,y=0,w=512,h=512]",D036,train
"D36_HE [d=5,x=43081,y=56350,w=4017,h=4010] [d=1,x=256,y=256,w=512,h=512]",D036,train
"D36_HE [d=5,x=43081,y=56350,w=4017,h=4010] [d=1,x=256,y=512,w=512,h=512]",D036,train
"D36_HE [d=5,x=43081,y=56350,w=4017,h=4010] [d=1,x=256,y=768,w=512,h=512]",D036,train
"D36_HE [d=5,x=43081,y=56350,w=4017,h=4010] [d=1,x=512,y=0,w=512,h=512]",D036,train
"D36_HE [d=5,x=43081,y=56350,w=4017,h=4010] [d=1,x=512,y=256,w=512,h=512]",D036,train
"D36_HE [d=5,x=43081,y=56350,w=4017,h=4010] [d=1,x=512,y=512,w=512,h=512]",D036,train
"D36_HE [d=5,x=43081,y=56350,w=4017,h=4010] [d=1,x=512,y=768,w=512,h=512]",D036,train
"D36_HE [d=5,x=43081,y=56350,w=4017,h=4010] [d=1,x=768,y=0,w=512,h=512]",D036,val
"D36_HE [d=5,x=43081,y=56350,w=4017,h=4010] [d=1,x=768,y=256,w=512,h=512]",D036,train
"D36_HE [d=5,x=43081,y=56350,w=4017,h=4010] [d=1,x=768,y=512,w=512,h=512]",D036,train
"D36_HE [d=5,x=43081,y=56350,w=4017,h=4010] [d=1,x=768,y=768,w=512,h=512]",D036,val
"D36_HE [d=5,x=44728,y=39113,w=2458,h=3273] [d=1,x=0,y=0,w=512,h=512]",D036,train
"D36_HE [d=5,x=44728,y=39113,w=2458,h=3273] [d=1,x=0,y=256,w=512,h=512]",D036,train
"D36_HE [d=5,x=44728,y=39113,w=2458,h=3273] [d=1,x=0,y=512,w=512,h=512]",D036,train
"D36_HE [d=5,x=44728,y=39113,w=2458,h=3273] [d=1,x=256,y=0,w=512,h=512]",D036,val
"D36_HE [d=5,x=44728,y=39113,w=2458,h=3273] [d=1,x=256,y=256,w=512,h=512]",D036,train
"D36_HE [d=5,x=44728,y=39113,w=2458,h=3273] [d=1,x=256,y=512,w=512,h=512]",D036,train
"D36_HE [d=5,x=49209,y=38362,w=3066,h=3787] [d=1,x=0,y=0,w=512,h=512]",D036,train
"D36_HE [d=5,x=49209,y=38362,w=3066,h=3787] [d=1,x=0,y=256,w=512,h=512]",D036,val
"D36_HE [d=5,x=49209,y=38362,w=3066,h=3787] [d=1,x=0,y=512,w=512,h=512]",D036,train
"D36_HE [d=5,x=49209,y=38362,w=3066,h=3787] [d=1,x=256,y=0,w=512,h=512]",D036,train
"D36_HE [d=5,x=49209,y=38362,w=3066,h=3787] [d=1,x=256,y=256,w=512,h=512]",D036,train
"D36_HE [d=5,x=49209,y=38362,w=3066,h=3787] [d=1,x=256,y=512,w=512,h=512]",D036,train
"D36_HE [d=5,x=49209,y=38362,w=3066,h=3787] [d=1,x=512,y=0,w=512,h=512]",D036,train
"D36_HE [d=5,x=49209,y=38362,w=3066,h=3787] [d=1,x=512,y=256,w=512,h=512]",D036,train
"D36_HE [d=5,x=49209,y=38362,w=3066,h=3787] [d=1,x=512,y=512,w=512,h=512]",D036,train
"D37_HE [d=5,x=18018,y=11683,w=2645,h=3991] [d=1,x=0,y=0,w=512,h=512]",D037,train
"D37_HE [d=5,x=18018,y=11683,w=2645,h=3991] [d=1,x=0,y=256,w=512,h=512]",D037,train
"D37_HE [d=5,x=18018,y=11683,w=2645,h=3991] [d=1,x=0,y=512,w=512,h=512]",D037,train
"D37_HE [d=5,x=18018,y=11683,w=2645,h=3991] [d=1,x=0,y=768,w=512,h=512]",D037,val
"D37_HE [d=5,x=18018,y=11683,w=2645,h=3991] [d=1,x=256,y=0,w=512,h=512]",D037,val
"D37_HE [d=5,x=18018,y=11683,w=2645,h=3991] [d=1,x=256,y=256,w=512,h=512]",D037,val
"D37_HE [d=5,x=18018,y=11683,w=2645,h=3991] [d=1,x=256,y=512,w=512,h=512]",D037,val
"D37_HE [d=5,x=18018,y=11683,w=2645,h=3991] [d=1,x=256,y=768,w=512,h=512]",D037,train
"D37_HE [d=5,x=18018,y=11683,w=2645,h=3991] [d=1,x=512,y=0,w=512,h=512]",D037,train
"D37_HE [d=5,x=18018,y=11683,w=2645,h=3991] [d=1,x=512,y=256,w=512,h=512]",D037,val
"D37_HE [d=5,x=18018,y=11683,w=2645,h=3991] [d=1,x=512,y=512,w=512,h=512]",D037,train
"D37_HE [d=5,x=18018,y=11683,w=2645,h=3991] [d=1,x=512,y=768,w=512,h=512]",D037,val
"D37_HE [d=5,x=21400,y=19100,w=6603,h=8871] [d=1,x=0,y=0,w=512,h=512]",D037,val
"D37_HE [d=5,x=21400,y=19100,w=6603,h=8871] [d=1,x=0,y=1024,w=512,h=512]",D037,train
"D37_HE [d=5,x=21400,y=19100,w=6603,h=8871] [d=1,x=0,y=1280,w=512,h=512]",D037,train
"D37_HE [d=5,x=21400,y=19100,w=6603,h=8871] [d=1,x=0,y=1536,w=512,h=512]",D037,train
"D37_HE [d=5,x=21400,y=19100,w=6603,h=8871] [d=1,x=0,y=256,w=512,h=512]",D037,train
"D37_HE [d=5,x=21400,y=19100,w=6603,h=8871] [d=1,x=0,y=512,w=512,h=512]",D037,train
"D37_HE [d=5,x=21400,y=19100,w=6603,h=8871] [d=1,x=0,y=768,w=512,h=512]",D037,train
"D37_HE [d=5,x=21400,y=19100,w=6603,h=8871] [d=1,x=1024,y=0,w=512,h=512]",D037,train
"D37_HE [d=5,x=21400,y=19100,w=6603,h=8871] [d=1,x=1024,y=1024,w=512,h=512]",D037,train
"D37_HE [d=5,x=21400,y=19100,w=6603,h=8871] [d=1,x=1024,y=1280,w=512,h=512]",D037,train
"D37_HE [d=5,x=21400,y=19100,w=6603,h=8871] [d=1,x=1024,y=1536,w=512,h=512]",D037,train
"D37_HE [d=5,x=21400,y=19100,w=6603,h=8871] [d=1,x=1024,y=256,w=512,h=512]",D037,train
"D37_HE [d=5,x=21400,y=19100,w=6603,h=8871] [d=1,x=1024,y=512,w=512,h=512]",D037,train
"D37_HE [d=5,x=21400,y=19100,w=6603,h=8871] [d=1,x=1024,y=768,w=512,h=512]",D037,train
"D37_HE [d=5,x=21400,y=19100,w=6603,h=8871] [d=1,x=1280,y=0,w=512,h=512]",D037,train
"D37_HE [d=5,x=21400,y=19100,w=6603,h=8871] [d=1,x=1280,y=1024,w=512,h=512]",D037,train
"D37_HE [d=5,x=21400,y=19100,w=6603,h=8871] [d=1,x=1280,y=1280,w=512,h=512]",D037,val
"D37_HE [d=5,x=21400,y=19100,w=6603,h=8871] [d=1,x=1280,y=1536,w=512,h=512]",D037,train
"D37_HE [d=5,x=21400,y=19100,w=6603,h=8871] [d=1,x=1280,y=256,w=512,h=512]",D037,val
"D37_HE [d=5,x=21400,y=19100,w=6603,h=8871] [d=1,x=1280,y=512,w=512,h=512]",D037,train
"D37_HE [d=5,x=21400,y=19100,w=6603,h=8871] [d=1,x=1280,y=768,w=512,h=512]",D037,train
"D37_HE [d=5,x=21400,y=19100,w=6603,h=8871] [d=1,x=256,y=0,w=512,h=512]",D037,train
"D37_HE [d=5,x=21400,y=19100,w=6603,h=8871] [d=1,x=256,y=1024,w=512,h=512]",D037,train
"D37_HE [d=5,x=21400,y=19100,w=6603,h=8871] [d=1,x=256,y=1280,w=512,h=512]",D037,train
"D37_HE [d=5,x=21400,y=19100,w=6603,h=8871] [d=1,x=256,y=1536,w=512,h=512]",D037,train
"D37_HE [d=5,x=21400,y=19100,w=6603,h=8871] [d=1,x=256,y=256,w=512,h=512]",D037,train
"D37_HE [d=5,x=21400,y=19100,w=6603,h=8871] [d=1,x=256,y=512,w=512,h=512]",D037,val
"D37_HE [d=5,x=21400,y=19100,w=6603,h=8871] [d=1,x=256,y=768,w=512,h=512]",D037,train
"D37_HE [d=5,x=21400,y=19100,w=6603,h=8871] [d=1,x=512,y=0,w=512,h=512]",D037,val
"D37_HE [d=5,x=21400,y=19100,w=6603,h=8871] [d=1,x=512,y=1024,w=512,h=512]",D037,train
"D37_HE [d=5,x=21400,y=19100,w=6603,h=8871] [d=1,x=512,y=1280,w=512,h=512]",D037,val
"D37_HE [d=5,x=21400,y=19100,w=6603,h=8871] [d=1,x=512,y=1536,w=512,h=512]",D037,train
"D37_HE [d=5,x=21400,y=19100,w=6603,h=8871] [d=1,x=512,y=256,w=512,h=512]",D037,train
"D37_HE [d=5,x=21400,y=19100,w=6603,h=8871] [d=1,x=512,y=512,w=512,h=512]",D037,train
"D37_HE [d=5,x=21400,y=19100,w=6603,h=8871] [d=1,x=512,y=768,w=512,h=512]",D037,val
"D37_HE [d=5,x=21400,y=19100,w=6603,h=8871] [d=1,x=768,y=0,w=512,h=512]",D037,train
"D37_HE [d=5,x=21400,y=19100,w=6603,h=8871] [d=1,x=768,y=1024,w=512,h=512]",D037,train
"D37_HE [d=5,x=21400,y=19100,w=6603,h=8871] [d=1,x=768,y=1280,w=512,h=512]",D037,train
"D37_HE [d=5,x=21400,y=19100,w=6603,h=8871] [d=1,x=768,y=1536,w=512,h=512]",D037,train
"D37_HE [d=5,x=21400,y=19100,w=6603,h=8871] [d=1,x=768,y=256,w=512,h=512]",D037,train
"D37_HE [d=5,x=21400,y=19100,w=6603,h=8871] [d=1,x=768,y=512,w=512,h=512]",D037,train
"D37_HE [d=5,x=21400,y=19100,w=6603,h=8871] [d=1,x=768,y=768,w=512,h=512]",D037,train
"D37_HE [d=5,x=22030,y=34282,w=4327,h=2057] [d=1,x=0,y=0,w=512,h=512]",D037,train
"D37_HE [d=5,x=22030,y=34282,w=4327,h=2057] [d=1,x=0,y=256,w=512,h=512]",D037,val
"D37_HE [d=5,x=22030,y=34282,w=4327,h=2057] [d=1,x=256,y=0,w=512,h=512]",D037,val
"D37_HE [d=5,x=22030,y=34282,w=4327,h=2057] [d=1,x=256,y=256,w=512,h=512]",D037,val
"D37_HE [d=5,x=22030,y=34282,w=4327,h=2057] [d=1,x=512,y=0,w=512,h=512]",D037,train
"D37_HE [d=5,x=22030,y=34282,w=4327,h=2057] [d=1,x=512,y=256,w=512,h=512]",D037,val
"D37_HE [d=5,x=22030,y=34282,w=4327,h=2057] [d=1,x=768,y=0,w=512,h=512]",D037,train
"D37_HE [d=5,x=22030,y=34282,w=4327,h=2057] [d=1,x=768,y=256,w=512,h=512]",D037,val
"D37_HE [d=5,x=24954,y=32448,w=4759,h=4262] [d=1,x=0,y=0,w=512,h=512]",D037,train
"D37_HE [d=5,x=24954,y=32448,w=4759,h=4262] [d=1,x=0,y=256,w=512,h=512]",D037,train
"D37_HE [d=5,x=24954,y=32448,w=4759,h=4262] [d=1,x=0,y=512,w=512,h=512]",D037,train
"D37_HE [d=5,x=24954,y=32448,w=4759,h=4262] [d=1,x=0,y=768,w=512,h=512]",D037,train
"D37_HE [d=5,x=24954,y=32448,w=4759,h=4262] [d=1,x=256,y=0,w=512,h=512]",D037,val
"D37_HE [d=5,x=24954,y=32448,w=4759,h=4262] [d=1,x=256,y=256,w=512,h=512]",D037,train
"D37_HE [d=5,x=24954,y=32448,w=4759,h=4262] [d=1,x=256,y=512,w=512,h=512]",D037,train
"D37_HE [d=5,x=24954,y=32448,w=4759,h=4262] [d=1,x=256,y=768,w=512,h=512]",D037,train
"D37_HE [d=5,x=24954,y=32448,w=4759,h=4262] [d=1,x=512,y=0,w=512,h=512]",D037,train
"D37_HE [d=5,x=24954,y=32448,w=4759,h=4262] [d=1,x=512,y=256,w=512,h=512]",D037,train
"D37_HE [d=5,x=24954,y=32448,w=4759,h=4262] [d=1,x=512,y=512,w=512,h=512]",D037,train
"D37_HE [d=5,x=24954,y=32448,w=4759,h=4262] [d=1,x=512,y=768,w=512,h=512]",D037,train
"D37_HE [d=5,x=24954,y=32448,w=4759,h=4262] [d=1,x=768,y=0,w=512,h=512]",D037,train
"D37_HE [d=5,x=24954,y=32448,w=4759,h=4262] [d=1,x=768,y=256,w=512,h=512]",D037,val
"D37_HE [d=5,x=24954,y=32448,w=4759,h=4262] [d=1,x=768,y=512,w=512,h=512]",D037,train
"D37_HE [d=5,x=24954,y=32448,w=4759,h=4262] [d=1,x=768,y=768,w=512,h=512]",D037,train
"D37_HE [d=5,x=6236,y=41039,w=4288,h=4314] [d=1,x=0,y=0,w=512,h=512]",D037,val
"D37_HE [d=5,x=6236,y=41039,w=4288,h=4314] [d=1,x=0,y=256,w=512,h=512]",D037,train
"D37_HE [d=5,x=6236,y=41039,w=4288,h=4314] [d=1,x=0,y=512,w=512,h=512]",D037,train
"D37_HE [d=5,x=6236,y=41039,w=4288,h=4314] [d=1,x=0,y=768,w=512,h=512]",D037,train
"D37_HE [d=5,x=6236,y=41039,w=4288,h=4314] [d=1,x=256,y=0,w=512,h=512]",D037,train
"D37_HE [d=5,x=6236,y=41039,w=4288,h=4314] [d=1,x=256,y=256,w=512,h=512]",D037,train
"D37_HE [d=5,x=6236,y=41039,w=4288,h=4314] [d=1,x=256,y=512,w=512,h=512]",D037,val
"D37_HE [d=5,x=6236,y=41039,w=4288,h=4314] [d=1,x=256,y=768,w=512,h=512]",D037,train
"D37_HE [d=5,x=6236,y=41039,w=4288,h=4314] [d=1,x=512,y=0,w=512,h=512]",D037,train
"D37_HE [d=5,x=6236,y=41039,w=4288,h=4314] [d=1,x=512,y=256,w=512,h=512]",D037,train
"D37_HE [d=5,x=6236,y=41039,w=4288,h=4314] [d=1,x=512,y=512,w=512,h=512]",D037,train
"D37_HE [d=5,x=6236,y=41039,w=4288,h=4314] [d=1,x=512,y=768,w=512,h=512]",D037,val
"D37_HE [d=5,x=6236,y=41039,w=4288,h=4314] [d=1,x=768,y=0,w=512,h=512]",D037,train
"D37_HE [d=5,x=6236,y=41039,w=4288,h=4314] [d=1,x=768,y=256,w=512,h=512]",D037,train
"D37_HE [d=5,x=6236,y=41039,w=4288,h=4314] [d=1,x=768,y=512,w=512,h=512]",D037,train
"D37_HE [d=5,x=6236,y=41039,w=4288,h=4314] [d=1,x=768,y=768,w=512,h=512]",D037,train
"D37_HE [d=5,x=7427,y=25263,w=5593,h=7138] [d=1,x=0,y=0,w=512,h=512]",D037,train
"D37_HE [d=5,x=7427,y=25263,w=5593,h=7138] [d=1,x=0,y=1024,w=512,h=512]",D037,train
"D37_HE [d=5,x=7427,y=25263,w=5593,h=7138] [d=1,x=0,y=1280,w=512,h=512]",D037,train
"D37_HE [d=5,x=7427,y=25263,w=5593,h=7138] [d=1,x=0,y=256,w=512,h=512]",D037,train
"D37_HE [d=5,x=7427,y=25263,w=5593,h=7138] [d=1,x=0,y=512,w=512,h=512]",D037,train
"D37_HE [d=5,x=7427,y=25263,w=5593,h=7138] [d=1,x=0,y=768,w=512,h=512]",D037,train
"D37_HE [d=5,x=7427,y=25263,w=5593,h=7138] [d=1,x=1024,y=0,w=512,h=512]",D037,train
"D37_HE [d=5,x=7427,y=25263,w=5593,h=7138] [d=1,x=1024,y=1024,w=512,h=512]",D037,val
"D37_HE [d=5,x=7427,y=25263,w=5593,h=7138] [d=1,x=1024,y=1280,w=512,h=512]",D037,train
"D37_HE [d=5,x=7427,y=25263,w=5593,h=7138] [d=1,x=1024,y=256,w=512,h=512]",D037,train
"D37_HE [d=5,x=7427,y=25263,w=5593,h=7138] [d=1,x=1024,y=512,w=512,h=512]",D037,val
"D37_HE [d=5,x=7427,y=25263,w=5593,h=7138] [d=1,x=1024,y=768,w=512,h=512]",D037,train
"D37_HE [d=5,x=7427,y=25263,w=5593,h=7138] [d=1,x=256,y=0,w=512,h=512]",D037,train
"D37_HE [d=5,x=7427,y=25263,w=5593,h=7138] [d=1,x=256,y=1024,w=512,h=512]",D037,train
"D37_HE [d=5,x=7427,y=25263,w=5593,h=7138] [d=1,x=256,y=1280,w=512,h=512]",D037,val
"D37_HE [d=5,x=7427,y=25263,w=5593,h=7138] [d=1,x=256,y=256,w=512,h=512]",D037,train
"D37_HE [d=5,x=7427,y=25263,w=5593,h=7138] [d=1,x=256,y=512,w=512,h=512]",D037,train
"D37_HE [d=5,x=7427,y=25263,w=5593,h=7138] [d=1,x=256,y=768,w=512,h=512]",D037,train
"D37_HE [d=5,x=7427,y=25263,w=5593,h=7138] [d=1,x=512,y=0,w=512,h=512]",D037,train
"D37_HE [d=5,x=7427,y=25263,w=5593,h=7138] [d=1,x=512,y=1024,w=512,h=512]",D037,train
"D37_HE [d=5,x=7427,y=25263,w=5593,h=7138] [d=1,x=512,y=1280,w=512,h=512]",D037,train
"D37_HE [d=5,x=7427,y=25263,w=5593,h=7138] [d=1,x=512,y=256,w=512,h=512]",D037,train
"D37_HE [d=5,x=7427,y=25263,w=5593,h=7138] [d=1,x=512,y=512,w=512,h=512]",D037,val
"D37_HE [d=5,x=7427,y=25263,w=5593,h=7138] [d=1,x=512,y=768,w=512,h=512]",D037,train
"D37_HE [d=5,x=7427,y=25263,w=5593,h=7138] [d=1,x=768,y=0,w=512,h=512]",D037,val
"D37_HE [d=5,x=7427,y=25263,w=5593,h=7138] [d=1,x=768,y=1024,w=512,h=512]",D037,train
"D37_HE [d=5,x=7427,y=25263,w=5593,h=7138] [d=1,x=768,y=1280,w=512,h=512]",D037,train
"D37_HE [d=5,x=7427,y=25263,w=5593,h=7138] [d=1,x=768,y=256,w=512,h=512]",D037,train
"D37_HE [d=5,x=7427,y=25263,w=5593,h=7138] [d=1,x=768,y=512,w=512,h=512]",D037,train
"D37_HE [d=5,x=7427,y=25263,w=5593,h=7138] [d=1,x=768,y=768,w=512,h=512]",D037,train
"D39_HE [d=5,x=13674,y=19709,w=6212,h=7280] [d=1,x=0,y=0,w=512,h=512]",D039,train
"D39_HE [d=5,x=13674,y=19709,w=6212,h=7280] [d=1,x=0,y=1024,w=512,h=512]",D039,train
"D39_HE [d=5,x=13674,y=19709,w=6212,h=7280] [d=1,x=0,y=1280,w=512,h=512]",D039,train
"D39_HE [d=5,x=13674,y=19709,w=6212,h=7280] [d=1,x=0,y=256,w=512,h=512]",D039,train
"D39_HE [d=5,x=13674,y=19709,w=6212,h=7280] [d=1,x=0,y=512,w=512,h=512]",D039,train
"D39_HE [d=5,x=13674,y=19709,w=6212,h=7280] [d=1,x=0,y=768,w=512,h=512]",D039,train
"D39_HE [d=5,x=13674,y=19709,w=6212,h=7280] [d=1,x=1024,y=0,w=512,h=512]",D039,train
"D39_HE [d=5,x=13674,y=19709,w=6212,h=7280] [d=1,x=1024,y=1024,w=512,h=512]",D039,train
"D39_HE [d=5,x=13674,y=19709,w=6212,h=7280] [d=1,x=1024,y=1280,w=512,h=512]",D039,val
"D39_HE [d=5,x=13674,y=19709,w=6212,h=7280] [d=1,x=1024,y=256,w=512,h=512]",D039,train
"D39_HE [d=5,x=13674,y=19709,w=6212,h=7280] [d=1,x=1024,y=512,w=512,h=512]",D039,train
"D39_HE [d=5,x=13674,y=19709,w=6212,h=7280] [d=1,x=1024,y=768,w=512,h=512]",D039,train
"D39_HE [d=5,x=13674,y=19709,w=6212,h=7280] [d=1,x=256,y=0,w=512,h=512]",D039,train
"D39_HE [d=5,x=13674,y=19709,w=6212,h=7280] [d=1,x=256,y=1024,w=512,h=512]",D039,train
"D39_HE [d=5,x=13674,y=19709,w=6212,h=7280] [d=1,x=256,y=1280,w=512,h=512]",D039,train
"D39_HE [d=5,x=13674,y=19709,w=6212,h=7280] [d=1,x=256,y=256,w=512,h=512]",D039,val
"D39_HE [d=5,x=13674,y=19709,w=6212,h=7280] [d=1,x=256,y=512,w=512,h=512]",D039,train
"D39_HE [d=5,x=13674,y=19709,w=6212,h=7280] [d=1,x=256,y=768,w=512,h=512]",D039,train
"D39_HE [d=5,x=13674,y=19709,w=6212,h=7280] [d=1,x=512,y=0,w=512,h=512]",D039,train
"D39_HE [d=5,x=13674,y=19709,w=6212,h=7280] [d=1,x=512,y=1024,w=512,h=512]",D039,val
"D39_HE [d=5,x=13674,y=19709,w=6212,h=7280] [d=1,x=512,y=1280,w=512,h=512]",D039,train
"D39_HE [d=5,x=13674,y=19709,w=6212,h=7280] [d=1,x=512,y=256,w=512,h=512]",D039,train
"D39_HE [d=5,x=13674,y=19709,w=6212,h=7280] [d=1,x=512,y=512,w=512,h=512]",D039,train
"D39_HE [d=5,x=13674,y=19709,w=6212,h=7280] [d=1,x=512,y=768,w=512,h=512]",D039,train
"D39_HE [d=5,x=13674,y=19709,w=6212,h=7280] [d=1,x=768,y=0,w=512,h=512]",D039,train
"D39_HE [d=5,x=13674,y=19709,w=6212,h=7280] [d=1,x=768,y=1024,w=512,h=512]",D039,train
"D39_HE [d=5,x=13674,y=19709,w=6212,h=7280] [d=1,x=768,y=1280,w=512,h=512]",D039,train
"D39_HE [d=5,x=13674,y=19709,w=6212,h=7280] [d=1,x=768,y=256,w=512,h=512]",D039,val
"D39_HE [d=5,x=13674,y=19709,w=6212,h=7280] [d=1,x=768,y=512,w=512,h=512]",D039,train
"D39_HE [d=5,x=13674,y=19709,w=6212,h=7280] [d=1,x=768,y=768,w=512,h=512]",D039,train
"D39_HE [d=5,x=28679,y=49680,w=1882,h=2612] [d=1,x=0,y=0,w=512,h=512]",D039,train
"D39_HE [d=5,x=28679,y=49680,w=1882,h=2612] [d=1,x=0,y=256,w=512,h=512]",D039,val
"D39_HE [d=5,x=28679,y=49680,w=1882,h=2612] [d=1,x=0,y=512,w=512,h=512]",D039,train
"D39_HE [d=5,x=28679,y=49680,w=1882,h=2612] [d=1,x=256,y=0,w=512,h=512]",D039,val
"D39_HE [d=5,x=28679,y=49680,w=1882,h=2612] [d=1,x=256,y=256,w=512,h=512]",D039,train
"D39_HE [d=5,x=28679,y=49680,w=1882,h=2612] [d=1,x=256,y=512,w=512,h=512]",D039,train
"D39_HE [d=5,x=29589,y=35658,w=8129,h=9745] [d=1,x=0,y=0,w=512,h=512]",D039,train
"D39_HE [d=5,x=29589,y=35658,w=8129,h=9745] [d=1,x=0,y=1024,w=512,h=512]",D039,train
"D39_HE [d=5,x=29589,y=35658,w=8129,h=9745] [d=1,x=0,y=1280,w=512,h=512]",D039,train
"D39_HE [d=5,x=29589,y=35658,w=8129,h=9745] [d=1,x=0,y=1536,w=512,h=512]",D039,train
"D39_HE [d=5,x=29589,y=35658,w=8129,h=9745] [d=1,x=0,y=1792,w=512,h=512]",D039,train
"D39_HE [d=5,x=29589,y=35658,w=8129,h=9745] [d=1,x=0,y=256,w=512,h=512]",D039,train
"D39_HE [d=5,x=29589,y=35658,w=8129,h=9745] [d=1,x=0,y=512,w=512,h=512]",D039,val
"D39_HE [d=5,x=29589,y=35658,w=8129,h=9745] [d=1,x=0,y=768,w=512,h=512]",D039,train
"D39_HE [d=5,x=29589,y=35658,w=8129,h=9745] [d=1,x=1024,y=0,w=512,h=512]",D039,train
"D39_HE [d=5,x=29589,y=35658,w=8129,h=9745] [d=1,x=1024,y=1024,w=512,h=512]",D039,train
"D39_HE [d=5,x=29589,y=35658,w=8129,h=9745] [d=1,x=1024,y=1280,w=512,h=512]",D039,train
"D39_HE [d=5,x=29589,y=35658,w=8129,h=9745] [d=1,x=1024,y=1536,w=512,h=512]",D039,train
"D39_HE [d=5,x=29589,y=35658,w=8129,h=9745] [d=1,x=1024,y=1792,w=512,h=512]",D039,val
"D39_HE [d=5,x=29589,y=35658,w=8129,h=9745] [d=1,x=1024,y=256,w=512,h=512]",D039,val
"D39_HE [d=5,x=29589,y=35658,w=8129,h=9745] [d=1,x=1024,y=512,w=512,h=512]",D039,train
"D39_HE [d=5,x=29589,y=35658,w=8129,h=9745] [d=1,x=1024,y=768,w=512,h=512]",D039,train
"D39_HE [d=5,x=29589,y=35658,w=8129,h=9745] [d=1,x=1280,y=0,w=512,h=512]",D039,train
"D39_HE [d=5,x=29589,y=35658,w=8129,h=9745] [d=1,x=1280,y=1024,w=512,h=512]",D039,val
"D39_HE [d=5,x=29589,y=35658,w=8129,h=9745] [d=1,x=1280,y=1280,w=512,h=512]",D039,train
"D39_HE [d=5,x=29589,y=35658,w=8129,h=9745] [d=1,x=1280,y=1536,w=512,h=512]",D039,train
"D39_HE [d=5,x=29589,y=35658,w=8129,h=9745] [d=1,x=1280,y=1792,w=512,h=512]",D039,train
"D39_HE [d=5,x=29589,y=35658,w=8129,h=9745] [d=1,x=1280,y=256,w=512,h=512]",D039,val
"D39_HE [d=5,x=29589,y=35658,w=8129,h=9745] [d=1,x=1280,y=512,w=512,h=512]",D039,train
"D39_HE [d=5,x=29589,y=35658,w=8129,h=9745] [d=1,x=1280,y=768,w=512,h=512]",D039,train
"D39_HE [d=5,x=29589,y=35658,w=8129,h=9745] [d=1,x=1536,y=0,w=512,h=512]",D039,val
"D39_HE [d=5,x=29589,y=35658,w=8129,h=9745] [d=1,x=1536,y=1024,w=512,h=512]",D039,train
"D39_HE [d=5,x=29589,y=35658,w=8129,h=9745] [d=1,x=1536,y=1280,w=512,h=512]",D039,train
"D39_HE [d=5,x=29589,y=35658,w=8129,h=9745] [d=1,x=1536,y=1536,w=512,h=512]",D039,val
"D39_HE [d=5,x=29589,y=35658,w=8129,h=9745] [d=1,x=1536,y=1792,w=512,h=512]",D039,val
"D39_HE [d=5,x=29589,y=35658,w=8129,h=9745] [d=1,x=1536,y=256,w=512,h=512]",D039,train
"D39_HE [d=5,x=29589,y=35658,w=8129,h=9745] [d=1,x=1536,y=512,w=512,h=512]",D039,train
"D39_HE [d=5,x=29589,y=35658,w=8129,h=9745] [d=1,x=1536,y=768,w=512,h=512]",D039,train
"D39_HE [d=5,x=29589,y=35658,w=8129,h=9745] [d=1,x=256,y=0,w=512,h=512]",D039,train
"D39_HE [d=5,x=29589,y=35658,w=8129,h=9745] [d=1,x=256,y=1024,w=512,h=512]",D039,train
"D39_HE [d=5,x=29589,y=35658,w=8129,h=9745] [d=1,x=256,y=1280,w=512,h=512]",D039,val
"D39_HE [d=5,x=29589,y=35658,w=8129,h=9745] [d=1,x=256,y=1536,w=512,h=512]",D039,val
"D39_HE [d=5,x=29589,y=35658,w=8129,h=9745] [d=1,x=256,y=1792,w=512,h=512]",D039,train
"D39_HE [d=5,x=29589,y=35658,w=8129,h=9745] [d=1,x=256,y=256,w=512,h=512]",D039,train
"D39_HE [d=5,x=29589,y=35658,w=8129,h=9745] [d=1,x=256,y=512,w=512,h=512]",D039,train
"D39_HE [d=5,x=29589,y=35658,w=8129,h=9745] [d=1,x=256,y=768,w=512,h=512]",D039,train
"D39_HE [d=5,x=29589,y=35658,w=8129,h=9745] [d=1,x=512,y=0,w=512,h=512]",D039,val
"D39_HE [d=5,x=29589,y=35658,w=8129,h=9745] [d=1,x=512,y=1024,w=512,h=512]",D039,train
"D39_HE [d=5,x=29589,y=35658,w=8129,h=9745] [d=1,x=512,y=1280,w=512,h=512]",D039,train
"D39_HE [d=5,x=29589,y=35658,w=8129,h=9745] [d=1,x=512,y=1536,w=512,h=512]",D039,train
"D39_HE [d=5,x=29589,y=35658,w=8129,h=9745] [d=1,x=512,y=1792,w=512,h=512]",D039,train
"D39_HE [d=5,x=29589,y=35658,w=8129,h=9745] [d=1,x=512,y=256,w=512,h=512]",D039,val
"D39_HE [d=5,x=29589,y=35658,w=8129,h=9745] [d=1,x=512,y=512,w=512,h=512]",D039,train
"D39_HE [d=5,x=29589,y=35658,w=8129,h=9745] [d=1,x=512,y=768,w=512,h=512]",D039,train
"D39_HE [d=5,x=29589,y=35658,w=8129,h=9745] [d=1,x=768,y=0,w=512,h=512]",D039,train
"D39_HE [d=5,x=29589,y=35658,w=8129,h=9745] [d=1,x=768,y=1024,w=512,h=512]",D039,train
"D39_HE [d=5,x=29589,y=35658,w=8129,h=9745] [d=1,x=768,y=1280,w=512,h=512]",D039,train
"D39_HE [d=5,x=29589,y=35658,w=8129,h=9745] [d=1,x=768,y=1536,w=512,h=512]",D039,train
"D39_HE [d=5,x=29589,y=35658,w=8129,h=9745] [d=1,x=768,y=1792,w=512,h=512]",D039,train
"D39_HE [d=5,x=29589,y=35658,w=8129,h=9745] [d=1,x=768,y=256,w=512,h=512]",D039,train
"D39_HE [d=5,x=29589,y=35658,w=8129,h=9745] [d=1,x=768,y=512,w=512,h=512]",D039,train
"D39_HE [d=5,x=29589,y=35658,w=8129,h=9745] [d=1,x=768,y=768,w=512,h=512]",D039,train
"D39_HE [d=5,x=32810,y=7370,w=4465,h=4689] [d=1,x=0,y=0,w=512,h=512]",D039,train
"D39_HE [d=5,x=32810,y=7370,w=4465,h=4689] [d=1,x=0,y=256,w=512,h=512]",D039,val
"D39_HE [d=5,x=32810,y=7370,w=4465,h=4689] [d=1,x=0,y=512,w=512,h=512]",D039,train
"D39_HE [d=5,x=32810,y=7370,w=4465,h=4689] [d=1,x=0,y=768,w=512,h=512]",D039,train
"D39_HE [d=5,x=32810,y=7370,w=4465,h=4689] [d=1,x=256,y=0,w=512,h=512]",D039,val
"D39_HE [d=5,x=32810,y=7370,w=4465,h=4689] [d=1,x=256,y=256,w=512,h=512]",D039,train
"D39_HE [d=5,x=32810,y=7370,w=4465,h=4689] [d=1,x=256,y=512,w=512,h=512]",D039,train
"D39_HE [d=5,x=32810,y=7370,w=4465,h=4689] [d=1,x=256,y=768,w=512,h=512]",D039,val
"D39_HE [d=5,x=32810,y=7370,w=4465,h=4689] [d=1,x=512,y=0,w=512,h=512]",D039,val
"D39_HE [d=5,x=32810,y=7370,w=4465,h=4689] [d=1,x=512,y=256,w=512,h=512]",D039,train
"D39_HE [d=5,x=32810,y=7370,w=4465,h=4689] [d=1,x=512,y=512,w=512,h=512]",D039,train
"D39_HE [d=5,x=32810,y=7370,w=4465,h=4689] [d=1,x=512,y=768,w=512,h=512]",D039,val
"D39_HE [d=5,x=32810,y=7370,w=4465,h=4689] [d=1,x=768,y=0,w=512,h=512]",D039,val
"D39_HE [d=5,x=32810,y=7370,w=4465,h=4689] [d=1,x=768,y=256,w=512,h=512]",D039,val
"D39_HE [d=5,x=32810,y=7370,w=4465,h=4689] [d=1,x=768,y=512,w=512,h=512]",D039,train
"D39_HE [d=5,x=32810,y=7370,w=4465,h=4689] [d=1,x=768,y=768,w=512,h=512]",D039,train
"D41_HE [d=5,x=16696,y=47736,w=2471,h=3017] [d=1,x=0,y=0,w=512,h=512]",D041,train
"D41_HE [d=5,x=16696,y=47736,w=2471,h=3017] [d=1,x=0,y=256,w=512,h=512]",D041,train
"D41_HE [d=5,x=16696,y=47736,w=2471,h=3017] [d=1,x=0,y=512,w=512,h=512]",D041,train
"D41_HE [d=5,x=16696,y=47736,w=2471,h=3017] [d=1,x=256,y=0,w=512,h=512]",D041,val
"D41_HE [d=5,x=16696,y=47736,w=2471,h=3017] [d=1,x=256,y=256,w=512,h=512]",D041,train
"D41_HE [d=5,x=16696,y=47736,w=2471,h=3017] [d=1,x=256,y=512,w=512,h=512]",D041,val
"D41_HE [d=5,x=17434,y=34434,w=5000,h=5000] [d=1,x=0,y=0,w=512,h=512]",D041,val
"D41_HE [d=5,x=17434,y=34434,w=5000,h=5000] [d=1,x=0,y=256,w=512,h=512]",D041,train
"D41_HE [d=5,x=17434,y=34434,w=5000,h=5000] [d=1,x=0,y=512,w=512,h=512]",D041,train
"D41_HE [d=5,x=17434,y=34434,w=5000,h=5000] [d=1,x=0,y=768,w=512,h=512]",D041,train
"D41_HE [d=5,x=17434,y=34434,w=5000,h=5000] [d=1,x=256,y=0,w=512,h=512]",D041,train
"D41_HE [d=5,x=17434,y=34434,w=5000,h=5000] [d=1,x=256,y=256,w=512,h=512]",D041,train
"D41_HE [d=5,x=17434,y=34434,w=5000,h=5000] [d=1,x=256,y=512,w=512,h=512]",D041,train
"D41_HE [d=5,x=17434,y=34434,w=5000,h=5000] [d=1,x=256,y=768,w=512,h=512]",D041,val
"D41_HE [d=5,x=17434,y=34434,w=5000,h=5000] [d=1,x=512,y=0,w=512,h=512]",D041,val
"D41_HE [d=5,x=17434,y=34434,w=5000,h=5000] [d=1,x=512,y=256,w=512,h=512]",D041,val
"D41_HE [d=5,x=17434,y=34434,w=5000,h=5000] [d=1,x=512,y=512,w=512,h=512]",D041,val
"D41_HE [d=5,x=17434,y=34434,w=5000,h=5000] [d=1,x=512,y=768,w=512,h=512]",D041,train
"D41_HE [d=5,x=17434,y=34434,w=5000,h=5000] [d=1,x=768,y=0,w=512,h=512]",D041,val
"D41_HE [d=5,x=17434,y=34434,w=5000,h=5000] [d=1,x=768,y=256,w=512,h=512]",D041,val
"D41_HE [d=5,x=17434,y=34434,w=5000,h=5000] [d=1,x=768,y=512,w=512,h=512]",D041,train
"D41_HE [d=5,x=17434,y=34434,w=5000,h=5000] [d=1,x=768,y=768,w=512,h=512]",D041,val
"D41_HE [d=5,x=21568,y=45920,w=2044,h=2072] [d=1,x=0,y=0,w=512,h=512]",D041,train
"D41_HE [d=5,x=21568,y=45920,w=2044,h=2072] [d=1,x=0,y=256,w=512,h=512]",D041,train
"D41_HE [d=5,x=21568,y=45920,w=2044,h=2072] [d=1,x=256,y=0,w=512,h=512]",D041,val
"D41_HE [d=5,x=21568,y=45920,w=2044,h=2072] [d=1,x=256,y=256,w=512,h=512]",D041,train
"D41_HE [d=5,x=23145,y=5858,w=1139,h=1451] [d=1,x=0,y=0,w=512,h=512]",D041,train
"D41_HE [d=5,x=23145,y=5858,w=1139,h=1451] [d=1,x=0,y=256,w=512,h=512]",D041,val
"D41_HE [d=5,x=27774,y=40671,w=2958,h=3341] [d=1,x=0,y=0,w=512,h=512]",D041,train
"D41_HE [d=5,x=27774,y=40671,w=2958,h=3341] [d=1,x=0,y=256,w=512,h=512]",D041,val
"D41_HE [d=5,x=27774,y=40671,w=2958,h=3341] [d=1,x=0,y=512,w=512,h=512]",D041,val
"D41_HE [d=5,x=27774,y=40671,w=2958,h=3341] [d=1,x=256,y=0,w=512,h=512]",D041,train
"D41_HE [d=5,x=27774,y=40671,w=2958,h=3341] [d=1,x=256,y=256,w=512,h=512]",D041,train
"D41_HE [d=5,x=27774,y=40671,w=2958,h=3341] [d=1,x=256,y=512,w=512,h=512]",D041,train
"D41_HE [d=5,x=27774,y=40671,w=2958,h=3341] [d=1,x=512,y=0,w=512,h=512]",D041,train
"D41_HE [d=5,x=27774,y=40671,w=2958,h=3341] [d=1,x=512,y=256,w=512,h=512]",D041,train
"D41_HE [d=5,x=27774,y=40671,w=2958,h=3341] [d=1,x=512,y=512,w=512,h=512]",D041,train
"D42_HE [d=5,x=22377,y=11031,w=2808,h=2896] [d=1,x=0,y=0,w=512,h=512]",D042,train
"D42_HE [d=5,x=22377,y=11031,w=2808,h=2896] [d=1,x=0,y=256,w=512,h=512]",D042,train
"D42_HE [d=5,x=22377,y=11031,w=2808,h=2896] [d=1,x=0,y=512,w=512,h=512]",D042,train
"D42_HE [d=5,x=22377,y=11031,w=2808,h=2896] [d=1,x=256,y=0,w=512,h=512]",D042,train
"D42_HE [d=5,x=22377,y=11031,w=2808,h=2896] [d=1,x=256,y=256,w=512,h=512]",D042,train
"D42_HE [d=5,x=22377,y=11031,w=2808,h=2896] [d=1,x=256,y=512,w=512,h=512]",D042,val
"D42_HE [d=5,x=22377,y=11031,w=2808,h=2896] [d=1,x=512,y=0,w=512,h=512]",D042,val
"D42_HE [d=5,x=22377,y=11031,w=2808,h=2896] [d=1,x=512,y=256,w=512,h=512]",D042,train
"D42_HE [d=5,x=22377,y=11031,w=2808,h=2896] [d=1,x=512,y=512,w=512,h=512]",D042,train
"D42_HE [d=5,x=9491,y=31525,w=1380,h=1465] [d=1,x=0,y=0,w=512,h=512]",D042,train
"D42_HE [d=5,x=9491,y=31525,w=1380,h=1465] [d=1,x=0,y=256,w=512,h=512]",D042,train
"D42_HE [d=5,x=9491,y=31525,w=1380,h=1465] [d=1,x=256,y=0,w=512,h=512]",D042,train
"D42_HE [d=5,x=9491,y=31525,w=1380,h=1465] [d=1,x=256,y=256,w=512,h=512]",D042,val
"D44_HE [d=5,x=42570,y=10650,w=5000,h=5000] [d=1,x=0,y=0,w=512,h=512]",D044,train
"D44_HE [d=5,x=42570,y=10650,w=5000,h=5000] [d=1,x=0,y=256,w=512,h=512]",D044,val
"D44_HE [d=5,x=42570,y=10650,w=5000,h=5000] [d=1,x=0,y=512,w=512,h=512]",D044,train
"D44_HE [d=5,x=42570,y=10650,w=5000,h=5000] [d=1,x=0,y=768,w=512,h=512]",D044,train
"D44_HE [d=5,x=42570,y=10650,w=5000,h=5000] [d=1,x=256,y=0,w=512,h=512]",D044,train
"D44_HE [d=5,x=42570,y=10650,w=5000,h=5000] [d=1,x=256,y=256,w=512,h=512]",D044,train
"D44_HE [d=5,x=42570,y=10650,w=5000,h=5000] [d=1,x=256,y=512,w=512,h=512]",D044,train
"D44_HE [d=5,x=42570,y=10650,w=5000,h=5000] [d=1,x=256,y=768,w=512,h=512]",D044,train
"D44_HE [d=5,x=42570,y=10650,w=5000,h=5000] [d=1,x=512,y=0,w=512,h=512]",D044,train
"D44_HE [d=5,x=42570,y=10650,w=5000,h=5000] [d=1,x=512,y=256,w=512,h=512]",D044,train
"D44_HE [d=5,x=42570,y=10650,w=5000,h=5000] [d=1,x=512,y=512,w=512,h=512]",D044,val
"D44_HE [d=5,x=42570,y=10650,w=5000,h=5000] [d=1,x=512,y=768,w=512,h=512]",D044,train
"D44_HE [d=5,x=42570,y=10650,w=5000,h=5000] [d=1,x=768,y=0,w=512,h=512]",D044,train
"D44_HE [d=5,x=42570,y=10650,w=5000,h=5000] [d=1,x=768,y=256,w=512,h=512]",D044,train
"D44_HE [d=5,x=42570,y=10650,w=5000,h=5000] [d=1,x=768,y=512,w=512,h=512]",D044,train
"D44_HE [d=5,x=42570,y=10650,w=5000,h=5000] [d=1,x=768,y=768,w=512,h=512]",D044,val
"D44_HE [d=5,x=50807,y=13147,w=6667,h=5790] [d=1,x=0,y=0,w=512,h=512]",D044,train
"D44_HE [d=5,x=50807,y=13147,w=6667,h=5790] [d=1,x=0,y=1024,w=512,h=512]",D044,train
"D44_HE [d=5,x=50807,y=13147,w=6667,h=5790] [d=1,x=0,y=256,w=512,h=512]",D044,train
"D44_HE [d=5,x=50807,y=13147,w=6667,h=5790] [d=1,x=0,y=512,w=512,h=512]",D044,train
"D44_HE [d=5,x=50807,y=13147,w=6667,h=5790] [d=1,x=0,y=768,w=512,h=512]",D044,train
"D44_HE [d=5,x=50807,y=13147,w=6667,h=5790] [d=1,x=1024,y=0,w=512,h=512]",D044,val
"D44_HE [d=5,x=50807,y=13147,w=6667,h=5790] [d=1,x=1024,y=1024,w=512,h=512]",D044,train
"D44_HE [d=5,x=50807,y=13147,w=6667,h=5790] [d=1,x=1024,y=256,w=512,h=512]",D044,train
"D44_HE [d=5,x=50807,y=13147,w=6667,h=5790] [d=1,x=1024,y=512,w=512,h=512]",D044,train
"D44_HE [d=5,x=50807,y=13147,w=6667,h=5790] [d=1,x=1024,y=768,w=512,h=512]",D044,train
"D44_HE [d=5,x=50807,y=13147,w=6667,h=5790] [d=1,x=1280,y=0,w=512,h=512]",D044,train
"D44_HE [d=5,x=50807,y=13147,w=6667,h=5790] [d=1,x=1280,y=1024,w=512,h=512]",D044,val
"D44_HE [d=5,x=50807,y=13147,w=6667,h=5790] [d=1,x=1280,y=256,w=512,h=512]",D044,train
"D44_HE [d=5,x=50807,y=13147,w=6667,h=5790] [d=1,x=1280,y=512,w=512,h=512]",D044,train
"D44_HE [d=5,x=50807,y=13147,w=6667,h=5790] [d=1,x=1280,y=768,w=512,h=512]",D044,train
"D44_HE [d=5,x=50807,y=13147,w=6667,h=5790] [d=1,x=256,y=0,w=512,h=512]",D044,val
"D44_HE [d=5,x=50807,y=13147,w=6667,h=5790] [d=1,x=256,y=1024,w=512,h=512]",D044,val
"D44_HE [d=5,x=50807,y=13147,w=6667,h=5790] [d=1,x=256,y=256,w=512,h=512]",D044,val
"D44_HE [d=5,x=50807,y=13147,w=6667,h=5790] [d=1,x=256,y=512,w=512,h=512]",D044,train
"D44_HE [d=5,x=50807,y=13147,w=6667,h=5790] [d=1,x=256,y=768,w=512,h=512]",D044,train
"D44_HE [d=5,x=50807,y=13147,w=6667,h=5790] [d=1,x=512,y=0,w=512,h=512]",D044,train
"D44_HE [d=5,x=50807,y=13147,w=6667,h=5790] [d=1,x=512,y=1024,w=512,h=512]",D044,train
"D44_HE [d=5,x=50807,y=13147,w=6667,h=5790] [d=1,x=512,y=256,w=512,h=512]",D044,train
"D44_HE [d=5,x=50807,y=13147,w=6667,h=5790] [d=1,x=512,y=512,w=512,h=512]",D044,train
"D44_HE [d=5,x=50807,y=13147,w=6667,h=5790] [d=1,x=512,y=768,w=512,h=512]",D044,train
"D44_HE [d=5,x=50807,y=13147,w=6667,h=5790] [d=1,x=768,y=0,w=512,h=512]",D044,train
"D44_HE [d=5,x=50807,y=13147,w=6667,h=5790] [d=1,x=768,y=1024,w=512,h=512]",D044,train
"D44_HE [d=5,x=50807,y=13147,w=6667,h=5790] [d=1,x=768,y=256,w=512,h=512]",D044,train
"D44_HE [d=5,x=50807,y=13147,w=6667,h=5790] [d=1,x=768,y=512,w=512,h=512]",D044,train
"D44_HE [d=5,x=50807,y=13147,w=6667,h=5790] [d=1,x=768,y=768,w=512,h=512]",D044,val
"D44_HE [d=5,x=7903,y=22800,w=1806,h=2117] [d=1,x=0,y=0,w=512,h=512]",D044,train
"D44_HE [d=5,x=7903,y=22800,w=1806,h=2117] [d=1,x=0,y=256,w=512,h=512]",D044,val
"D44_HE [d=5,x=7903,y=22800,w=1806,h=2117] [d=1,x=256,y=0,w=512,h=512]",D044,train
"D44_HE [d=5,x=7903,y=22800,w=1806,h=2117] [d=1,x=256,y=256,w=512,h=512]",D044,train
"D45_HE [d=5,x=21615,y=24920,w=6145,h=3279] [d=1,x=0,y=0,w=512,h=512]",D045,val
"D45_HE [d=5,x=21615,y=24920,w=6145,h=3279] [d=1,x=0,y=256,w=512,h=512]",D045,train
"D45_HE [d=5,x=21615,y=24920,w=6145,h=3279] [d=1,x=0,y=512,w=512,h=512]",D045,train
"D45_HE [d=5,x=21615,y=24920,w=6145,h=3279] [d=1,x=1024,y=0,w=512,h=512]",D045,train
"D45_HE [d=5,x=21615,y=24920,w=6145,h=3279] [d=1,x=1024,y=256,w=512,h=512]",D045,train
"D45_HE [d=5,x=21615,y=24920,w=6145,h=3279] [d=1,x=1024,y=512,w=512,h=512]",D045,train
"D45_HE [d=5,x=21615,y=24920,w=6145,h=3279] [d=1,x=256,y=0,w=512,h=512]",D045,train
"D45_HE [d=5,x=21615,y=24920,w=6145,h=3279] [d=1,x=256,y=256,w=512,h=512]",D045,val
"D45_HE [d=5,x=21615,y=24920,w=6145,h=3279] [d=1,x=256,y=512,w=512,h=512]",D045,val
"D45_HE [d=5,x=21615,y=24920,w=6145,h=3279] [d=1,x=512,y=0,w=512,h=512]",D045,train
"D45_HE [d=5,x=21615,y=24920,w=6145,h=3279] [d=1,x=512,y=256,w=512,h=512]",D045,val
"D45_HE [d=5,x=21615,y=24920,w=6145,h=3279] [d=1,x=512,y=512,w=512,h=512]",D045,train
"D45_HE [d=5,x=21615,y=24920,w=6145,h=3279] [d=1,x=768,y=0,w=512,h=512]",D045,train
"D45_HE [d=5,x=21615,y=24920,w=6145,h=3279] [d=1,x=768,y=256,w=512,h=512]",D045,train
"D45_HE [d=5,x=21615,y=24920,w=6145,h=3279] [d=1,x=768,y=512,w=512,h=512]",D045,train
"D45_HE [d=5,x=30427,y=29591,w=5311,h=6159] [d=1,x=0,y=0,w=512,h=512]",D045,train
"D45_HE [d=5,x=30427,y=29591,w=5311,h=6159] [d=1,x=0,y=1024,w=512,h=512]",D045,train
"D45_HE [d=5,x=30427,y=29591,w=5311,h=6159] [d=1,x=0,y=256,w=512,h=512]",D045,val
"D45_HE [d=5,x=30427,y=29591,w=5311,h=6159] [d=1,x=0,y=512,w=512,h=512]",D045,train
"D45_HE [d=5,x=30427,y=29591,w=5311,h=6159] [d=1,x=0,y=768,w=512,h=512]",D045,train
"D45_HE [d=5,x=30427,y=29591,w=5311,h=6159] [d=1,x=1024,y=0,w=512,h=512]",D045,train
"D45_HE [d=5,x=30427,y=29591,w=5311,h=6159] [d=1,x=1024,y=1024,w=512,h=512]",D045,train
"D45_HE [d=5,x=30427,y=29591,w=5311,h=6159] [d=1,x=1024,y=256,w=512,h=512]",D045,train
"D45_HE [d=5,x=30427,y=29591,w=5311,h=6159] [d=1,x=1024,y=512,w=512,h=512]",D045,train
"D45_HE [d=5,x=30427,y=29591,w=5311,h=6159] [d=1,x=1024,y=768,w=512,h=512]",D045,train
"D45_HE [d=5,x=30427,y=29591,w=5311,h=6159] [d=1,x=256,y=0,w=512,h=512]",D045,val
"D45_HE [d=5,x=30427,y=29591,w=5311,h=6159] [d=1,x=256,y=1024,w=512,h=512]",D045,val
"D45_HE [d=5,x=30427,y=29591,w=5311,h=6159] [d=1,x=256,y=256,w=512,h=512]",D045,train
"D45_HE [d=5,x=30427,y=29591,w=5311,h=6159] [d=1,x=256,y=512,w=512,h=512]",D045,train
"D45_HE [d=5,x=30427,y=29591,w=5311,h=6159] [d=1,x=256,y=768,w=512,h=512]",D045,val
"D45_HE [d=5,x=30427,y=29591,w=5311,h=6159] [d=1,x=512,y=0,w=512,h=512]",D045,train
"D45_HE [d=5,x=30427,y=29591,w=5311,h=6159] [d=1,x=512,y=1024,w=512,h=512]",D045,train
"D45_HE [d=5,x=30427,y=29591,w=5311,h=6159] [d=1,x=512,y=256,w=512,h=512]",D045,train
"D45_HE [d=5,x=30427,y=29591,w=5311,h=6159] [d=1,x=512,y=512,w=512,h=512]",D045,train
"D45_HE [d=5,x=30427,y=29591,w=5311,h=6159] [d=1,x=512,y=768,w=512,h=512]",D045,train
"D45_HE [d=5,x=30427,y=29591,w=5311,h=6159] [d=1,x=768,y=0,w=512,h=512]",D045,train
"D45_HE [d=5,x=30427,y=29591,w=5311,h=6159] [d=1,x=768,y=1024,w=512,h=512]",D045,train
"D45_HE [d=5,x=30427,y=29591,w=5311,h=6159] [d=1,x=768,y=256,w=512,h=512]",D045,val
"D45_HE [d=5,x=30427,y=29591,w=5311,h=6159] [d=1,x=768,y=512,w=512,h=512]",D045,val
"D45_HE [d=5,x=30427,y=29591,w=5311,h=6159] [d=1,x=768,y=768,w=512,h=512]",D045,train
"D45_HE [d=5,x=35610,y=10030,w=3261,h=3201] [d=1,x=0,y=0,w=512,h=512]",D045,train
"D45_HE [d=5,x=35610,y=10030,w=3261,h=3201] [d=1,x=0,y=256,w=512,h=512]",D045,train
"D45_HE [d=5,x=35610,y=10030,w=3261,h=3201] [d=1,x=0,y=512,w=512,h=512]",D045,val
"D45_HE [d=5,x=35610,y=10030,w=3261,h=3201] [d=1,x=256,y=0,w=512,h=512]",D045,train
"D45_HE [d=5,x=35610,y=10030,w=3261,h=3201] [d=1,x=256,y=256,w=512,h=512]",D045,train
"D45_HE [d=5,x=35610,y=10030,w=3261,h=3201] [d=1,x=256,y=512,w=512,h=512]",D045,train
"D45_HE [d=5,x=35610,y=10030,w=3261,h=3201] [d=1,x=512,y=0,w=512,h=512]",D045,val
"D45_HE [d=5,x=35610,y=10030,w=3261,h=3201] [d=1,x=512,y=256,w=512,h=512]",D045,train
"D45_HE [d=5,x=35610,y=10030,w=3261,h=3201] [d=1,x=512,y=512,w=512,h=512]",D045,val
"D45_HE [d=5,x=46933,y=32146,w=2322,h=883] [d=1,x=0,y=0,w=512,h=512]",D045,train
"D45_HE [d=5,x=46933,y=32146,w=2322,h=883] [d=1,x=256,y=0,w=512,h=512]",D045,train
"D46_HE [d=5,x=16944,y=44139,w=2514,h=2047] [d=1,x=0,y=0,w=512,h=512]",D046,train
"D46_HE [d=5,x=16944,y=44139,w=2514,h=2047] [d=1,x=0,y=256,w=512,h=512]",D046,train
"D46_HE [d=5,x=16944,y=44139,w=2514,h=2047] [d=1,x=256,y=0,w=512,h=512]",D046,train
"D46_HE [d=5,x=16944,y=44139,w=2514,h=2047] [d=1,x=256,y=256,w=512,h=512]",D046,train
"D47_HE [d=5,x=22754,y=33423,w=2936,h=3794] [d=1,x=0,y=0,w=512,h=512]",D047,train
"D47_HE [d=5,x=22754,y=33423,w=2936,h=3794] [d=1,x=0,y=256,w=512,h=512]",D047,train
"D47_HE [d=5,x=22754,y=33423,w=2936,h=3794] [d=1,x=0,y=512,w=512,h=512]",D047,train
"D47_HE [d=5,x=22754,y=33423,w=2936,h=3794] [d=1,x=256,y=0,w=512,h=512]",D047,train
"D47_HE [d=5,x=22754,y=33423,w=2936,h=3794] [d=1,x=256,y=256,w=512,h=512]",D047,train
"D47_HE [d=5,x=22754,y=33423,w=2936,h=3794] [d=1,x=256,y=512,w=512,h=512]",D047,train
"D47_HE [d=5,x=22754,y=33423,w=2936,h=3794] [d=1,x=512,y=0,w=512,h=512]",D047,train
"D47_HE [d=5,x=22754,y=33423,w=2936,h=3794] [d=1,x=512,y=256,w=512,h=512]",D047,val
"D47_HE [d=5,x=22754,y=33423,w=2936,h=3794] [d=1,x=512,y=512,w=512,h=512]",D047,train
"D47_HE [d=5,x=54398,y=32547,w=1769,h=2083] [d=1,x=0,y=0,w=512,h=512]",D047,train
"D47_HE [d=5,x=54398,y=32547,w=1769,h=2083] [d=1,x=0,y=256,w=512,h=512]",D047,train
"D47_HE [d=5,x=54398,y=32547,w=1769,h=2083] [d=1,x=256,y=0,w=512,h=512]",D047,train
"D47_HE [d=5,x=54398,y=32547,w=1769,h=2083] [d=1,x=256,y=256,w=512,h=512]",D047,train
"D47_HE [d=5,x=67703,y=18537,w=4266,h=5149] [d=1,x=0,y=0,w=512,h=512]",D047,train
"D47_HE [d=5,x=67703,y=18537,w=4266,h=5149] [d=1,x=0,y=1024,w=512,h=512]",D047,train
"D47_HE [d=5,x=67703,y=18537,w=4266,h=5149] [d=1,x=0,y=256,w=512,h=512]",D047,train
"D47_HE [d=5,x=67703,y=18537,w=4266,h=5149] [d=1,x=0,y=512,w=512,h=512]",D047,train
"D47_HE [d=5,x=67703,y=18537,w=4266,h=5149] [d=1,x=0,y=768,w=512,h=512]",D047,val
"D47_HE [d=5,x=67703,y=18537,w=4266,h=5149] [d=1,x=256,y=0,w=512,h=512]",D047,train
"D47_HE [d=5,x=67703,y=18537,w=4266,h=5149] [d=1,x=256,y=1024,w=512,h=512]",D047,train
"D47_HE [d=5,x=67703,y=18537,w=4266,h=5149] [d=1,x=256,y=256,w=512,h=512]",D047,train
"D47_HE [d=5,x=67703,y=18537,w=4266,h=5149] [d=1,x=256,y=512,w=512,h=512]",D047,train
"D47_HE [d=5,x=67703,y=18537,w=4266,h=5149] [d=1,x=256,y=768,w=512,h=512]",D047,train
"D47_HE [d=5,x=67703,y=18537,w=4266,h=5149] [d=1,x=512,y=0,w=512,h=512]",D047,train
"D47_HE [d=5,x=67703,y=18537,w=4266,h=5149] [d=1,x=512,y=1024,w=512,h=512]",D047,train
"D47_HE [d=5,x=67703,y=18537,w=4266,h=5149] [d=1,x=512,y=256,w=512,h=512]",D047,val
"D47_HE [d=5,x=67703,y=18537,w=4266,h=5149] [d=1,x=512,y=512,w=512,h=512]",D047,val
"D47_HE [d=5,x=67703,y=18537,w=4266,h=5149] [d=1,x=512,y=768,w=512,h=512]",D047,train
"D47_HE [d=5,x=67703,y=18537,w=4266,h=5149] [d=1,x=768,y=0,w=512,h=512]",D047,train
"D47_HE [d=5,x=67703,y=18537,w=4266,h=5149] [d=1,x=768,y=1024,w=512,h=512]",D047,train
"D47_HE [d=5,x=67703,y=18537,w=4266,h=5149] [d=1,x=768,y=256,w=512,h=512]",D047,val
"D47_HE [d=5,x=67703,y=18537,w=4266,h=5149] [d=1,x=768,y=512,w=512,h=512]",D047,train
"D47_HE [d=5,x=67703,y=18537,w=4266,h=5149] [d=1,x=768,y=768,w=512,h=512]",D047,train
"D48_HE [d=5,x=10905,y=29724,w=1896,h=2520] [d=1,x=0,y=0,w=512,h=512]",D048,train
"D48_HE [d=5,x=10905,y=29724,w=1896,h=2520] [d=1,x=0,y=256,w=512,h=512]",D048,train
"D48_HE [d=5,x=10905,y=29724,w=1896,h=2520] [d=1,x=256,y=0,w=512,h=512]",D048,train
"D48_HE [d=5,x=10905,y=29724,w=1896,h=2520] [d=1,x=256,y=256,w=512,h=512]",D048,train
"D48_HE [d=5,x=13660,y=12369,w=3290,h=4746] [d=1,x=0,y=0,w=512,h=512]",D048,train
"D48_HE [d=5,x=13660,y=12369,w=3290,h=4746] [d=1,x=0,y=256,w=512,h=512]",D048,train
"D48_HE [d=5,x=13660,y=12369,w=3290,h=4746] [d=1,x=0,y=512,w=512,h=512]",D048,train
"D48_HE [d=5,x=13660,y=12369,w=3290,h=4746] [d=1,x=0,y=768,w=512,h=512]",D048,val
"D48_HE [d=5,x=13660,y=12369,w=3290,h=4746] [d=1,x=256,y=0,w=512,h=512]",D048,train
"D48_HE [d=5,x=13660,y=12369,w=3290,h=4746] [d=1,x=256,y=256,w=512,h=512]",D048,train
"D48_HE [d=5,x=13660,y=12369,w=3290,h=4746] [d=1,x=256,y=512,w=512,h=512]",D048,val
"D48_HE [d=5,x=13660,y=12369,w=3290,h=4746] [d=1,x=256,y=768,w=512,h=512]",D048,train
"D48_HE [d=5,x=13660,y=12369,w=3290,h=4746] [d=1,x=512,y=0,w=512,h=512]",D048,train
"D48_HE [d=5,x=13660,y=12369,w=3290,h=4746] [d=1,x=512,y=256,w=512,h=512]",D048,train
"D48_HE [d=5,x=13660,y=12369,w=3290,h=4746] [d=1,x=512,y=512,w=512,h=512]",D048,val
"D48_HE [d=5,x=13660,y=12369,w=3290,h=4746] [d=1,x=512,y=768,w=512,h=512]",D048,val
"D49_HE [d=5,x=7302,y=32214,w=2831,h=3526] [d=1,x=0,y=0,w=512,h=512]",D049,train
"D49_HE [d=5,x=7302,y=32214,w=2831,h=3526] [d=1,x=0,y=256,w=512,h=512]",D049,train
"D49_HE [d=5,x=7302,y=32214,w=2831,h=3526] [d=1,x=0,y=512,w=512,h=512]",D049,train
"D49_HE [d=5,x=7302,y=32214,w=2831,h=3526] [d=1,x=256,y=0,w=512,h=512]",D049,train
"D49_HE [d=5,x=7302,y=32214,w=2831,h=3526] [d=1,x=256,y=256,w=512,h=512]",D049,train
"D49_HE [d=5,x=7302,y=32214,w=2831,h=3526] [d=1,x=256,y=512,w=512,h=512]",D049,train
"D49_HE [d=5,x=7302,y=32214,w=2831,h=3526] [d=1,x=512,y=0,w=512,h=512]",D049,train
"D49_HE [d=5,x=7302,y=32214,w=2831,h=3526] [d=1,x=512,y=256,w=512,h=512]",D049,val
"D49_HE [d=5,x=7302,y=32214,w=2831,h=3526] [d=1,x=512,y=512,w=512,h=512]",D049,train
"D50_HE [d=5,x=25176,y=19797,w=1990,h=2545] [d=1,x=0,y=0,w=512,h=512]",D050,val
"D50_HE [d=5,x=25176,y=19797,w=1990,h=2545] [d=1,x=0,y=256,w=512,h=512]",D050,train
"D50_HE [d=5,x=25176,y=19797,w=1990,h=2545] [d=1,x=256,y=0,w=512,h=512]",D050,train
"D50_HE [d=5,x=25176,y=19797,w=1990,h=2545] [d=1,x=256,y=256,w=512,h=512]",D050,train
"D51_HE [d=5,x=67657,y=36267,w=2867,h=3324] [d=1,x=0,y=0,w=512,h=512]",D051,val
"D51_HE [d=5,x=67657,y=36267,w=2867,h=3324] [d=1,x=0,y=256,w=512,h=512]",D051,train
"D51_HE [d=5,x=67657,y=36267,w=2867,h=3324] [d=1,x=0,y=512,w=512,h=512]",D051,val
"D51_HE [d=5,x=67657,y=36267,w=2867,h=3324] [d=1,x=256,y=0,w=512,h=512]",D051,train
"D51_HE [d=5,x=67657,y=36267,w=2867,h=3324] [d=1,x=256,y=256,w=512,h=512]",D051,train
"D51_HE [d=5,x=67657,y=36267,w=2867,h=3324] [d=1,x=256,y=512,w=512,h=512]",D051,train
"D51_HE [d=5,x=67657,y=36267,w=2867,h=3324] [d=1,x=512,y=0,w=512,h=512]",D051,train
"D51_HE [d=5,x=67657,y=36267,w=2867,h=3324] [d=1,x=512,y=256,w=512,h=512]",D051,train
"D51_HE [d=5,x=67657,y=36267,w=2867,h=3324] [d=1,x=512,y=512,w=512,h=512]",D051,train
"D53_HE [d=5,x=21487,y=14396,w=2074,h=3351] [d=1,x=0,y=0,w=512,h=512]",D053,train
"D53_HE [d=5,x=21487,y=14396,w=2074,h=3351] [d=1,x=0,y=256,w=512,h=512]",D053,train
"D53_HE [d=5,x=21487,y=14396,w=2074,h=3351] [d=1,x=0,y=512,w=512,h=512]",D053,train
"D53_HE [d=5,x=21487,y=14396,w=2074,h=3351] [d=1,x=256,y=0,w=512,h=512]",D053,val
"D53_HE [d=5,x=21487,y=14396,w=2074,h=3351] [d=1,x=256,y=256,w=512,h=512]",D053,val
"D53_HE [d=5,x=21487,y=14396,w=2074,h=3351] [d=1,x=256,y=512,w=512,h=512]",D053,train
"D53_HE [d=5,x=21525,y=14626,w=943,h=1141] [d=1,x=0,y=0,w=512,h=512]",D053,val
"D53_HE [d=5,x=4982,y=10217,w=3359,h=3969] [d=1,x=0,y=0,w=512,h=512]",D053,train
"D53_HE [d=5,x=4982,y=10217,w=3359,h=3969] [d=1,x=0,y=256,w=512,h=512]",D053,train
"D53_HE [d=5,x=4982,y=10217,w=3359,h=3969] [d=1,x=0,y=512,w=512,h=512]",D053,val
"D53_HE [d=5,x=4982,y=10217,w=3359,h=3969] [d=1,x=0,y=768,w=512,h=512]",D053,val
"D53_HE [d=5,x=4982,y=10217,w=3359,h=3969] [d=1,x=256,y=0,w=512,h=512]",D053,val
"D53_HE [d=5,x=4982,y=10217,w=3359,h=3969] [d=1,x=256,y=256,w=512,h=512]",D053,train
"D53_HE [d=5,x=4982,y=10217,w=3359,h=3969] [d=1,x=256,y=512,w=512,h=512]",D053,train
"D53_HE [d=5,x=4982,y=10217,w=3359,h=3969] [d=1,x=256,y=768,w=512,h=512]",D053,train
"D53_HE [d=5,x=4982,y=10217,w=3359,h=3969] [d=1,x=512,y=0,w=512,h=512]",D053,train
"D53_HE [d=5,x=4982,y=10217,w=3359,h=3969] [d=1,x=512,y=256,w=512,h=512]",D053,val
"D53_HE [d=5,x=4982,y=10217,w=3359,h=3969] [d=1,x=512,y=512,w=512,h=512]",D053,train
"D53_HE [d=5,x=4982,y=10217,w=3359,h=3969] [d=1,x=512,y=768,w=512,h=512]",D053,train
"D54_HE [d=5,x=13674,y=40007,w=2742,h=3044] [d=1,x=0,y=0,w=512,h=512]",D054,train
"D54_HE [d=5,x=13674,y=40007,w=2742,h=3044] [d=1,x=0,y=256,w=512,h=512]",D054,train
"D54_HE [d=5,x=13674,y=40007,w=2742,h=3044] [d=1,x=0,y=512,w=512,h=512]",D054,train
"D54_HE [d=5,x=13674,y=40007,w=2742,h=3044] [d=1,x=256,y=0,w=512,h=512]",D054,train
"D54_HE [d=5,x=13674,y=40007,w=2742,h=3044] [d=1,x=256,y=256,w=512,h=512]",D054,train
"D54_HE [d=5,x=13674,y=40007,w=2742,h=3044] [d=1,x=256,y=512,w=512,h=512]",D054,train
"D54_HE [d=5,x=13674,y=40007,w=2742,h=3044] [d=1,x=512,y=0,w=512,h=512]",D054,train
"D54_HE [d=5,x=13674,y=40007,w=2742,h=3044] [d=1,x=512,y=256,w=512,h=512]",D054,train
"D54_HE [d=5,x=13674,y=40007,w=2742,h=3044] [d=1,x=512,y=512,w=512,h=512]",D054,train
"D54_HE [d=5,x=59450,y=12178,w=5000,h=3920] [d=1,x=0,y=0,w=512,h=512]",D054,train
"D54_HE [d=5,x=59450,y=12178,w=5000,h=3920] [d=1,x=0,y=256,w=512,h=512]",D054,train
"D54_HE [d=5,x=59450,y=12178,w=5000,h=3920] [d=1,x=0,y=512,w=512,h=512]",D054,train
"D54_HE [d=5,x=59450,y=12178,w=5000,h=3920] [d=1,x=0,y=768,w=512,h=512]",D054,val
"D54_HE [d=5,x=59450,y=12178,w=5000,h=3920] [d=1,x=256,y=0,w=512,h=512]",D054,train
"D54_HE [d=5,x=59450,y=12178,w=5000,h=3920] [d=1,x=256,y=256,w=512,h=512]",D054,train
"D54_HE [d=5,x=59450,y=12178,w=5000,h=3920] [d=1,x=256,y=512,w=512,h=512]",D054,train
"D54_HE [d=5,x=59450,y=12178,w=5000,h=3920] [d=1,x=256,y=768,w=512,h=512]",D054,train
"D54_HE [d=5,x=59450,y=12178,w=5000,h=3920] [d=1,x=512,y=0,w=512,h=512]",D054,train
"D54_HE [d=5,x=59450,y=12178,w=5000,h=3920] [d=1,x=512,y=256,w=512,h=512]",D054,val
"D54_HE [d=5,x=59450,y=12178,w=5000,h=3920] [d=1,x=512,y=512,w=512,h=512]",D054,train
"D54_HE [d=5,x=59450,y=12178,w=5000,h=3920] [d=1,x=512,y=768,w=512,h=512]",D054,train
"D54_HE [d=5,x=59450,y=12178,w=5000,h=3920] [d=1,x=768,y=0,w=512,h=512]",D054,train
"D54_HE [d=5,x=59450,y=12178,w=5000,h=3920] [d=1,x=768,y=256,w=512,h=512]",D054,train
"D54_HE [d=5,x=59450,y=12178,w=5000,h=3920] [d=1,x=768,y=512,w=512,h=512]",D054,train
"D54_HE [d=5,x=59450,y=12178,w=5000,h=3920] [d=1,x=768,y=768,w=512,h=512]",D054,val
"D54_HE [d=5,x=76359,y=10150,w=1534,h=1662] [d=1,x=0,y=0,w=512,h=512]",D054,train
"D54_HE [d=5,x=76359,y=10150,w=1534,h=1662] [d=1,x=0,y=256,w=512,h=512]",D054,train
"D54_HE [d=5,x=76359,y=10150,w=1534,h=1662] [d=1,x=256,y=0,w=512,h=512]",D054,train
"D54_HE [d=5,x=76359,y=10150,w=1534,h=1662] [d=1,x=256,y=256,w=512,h=512]",D054,train
"D55_HE [d=5,x=44339,y=6734,w=1318,h=1584] [d=1,x=0,y=0,w=512,h=512]",D055,train
"D55_HE [d=5,x=44339,y=6734,w=1318,h=1584] [d=1,x=0,y=256,w=512,h=512]",D055,train
"D55_HE [d=5,x=44339,y=6734,w=1318,h=1584] [d=1,x=256,y=0,w=512,h=512]",D055,train
"D55_HE [d=5,x=44339,y=6734,w=1318,h=1584] [d=1,x=256,y=256,w=512,h=512]",D055,val
"D55_HE [d=5,x=49288,y=14612,w=1342,h=1527] [d=1,x=0,y=0,w=512,h=512]",D055,train
"D55_HE [d=5,x=49288,y=14612,w=1342,h=1527] [d=1,x=0,y=256,w=512,h=512]",D055,train
"D55_HE [d=5,x=49288,y=14612,w=1342,h=1527] [d=1,x=256,y=0,w=512,h=512]",D055,train
"D55_HE [d=5,x=49288,y=14612,w=1342,h=1527] [d=1,x=256,y=256,w=512,h=512]",D055,train
"D55_HE [d=5,x=52287,y=25656,w=5343,h=7668] [d=1,x=0,y=0,w=512,h=512]",D055,train
"D55_HE [d=5,x=52287,y=25656,w=5343,h=7668] [d=1,x=0,y=1024,w=512,h=512]",D055,val
"D55_HE [d=5,x=52287,y=25656,w=5343,h=7668] [d=1,x=0,y=1280,w=512,h=512]",D055,train
"D55_HE [d=5,x=52287,y=25656,w=5343,h=7668] [d=1,x=0,y=256,w=512,h=512]",D055,val
"D55_HE [d=5,x=52287,y=25656,w=5343,h=7668] [d=1,x=0,y=512,w=512,h=512]",D055,train
"D55_HE [d=5,x=52287,y=25656,w=5343,h=7668] [d=1,x=0,y=768,w=512,h=512]",D055,train
"D55_HE [d=5,x=52287,y=25656,w=5343,h=7668] [d=1,x=1024,y=0,w=512,h=512]",D055,val
"D55_HE [d=5,x=52287,y=25656,w=5343,h=7668] [d=1,x=1024,y=1024,w=512,h=512]",D055,train
"D55_HE [d=5,x=52287,y=25656,w=5343,h=7668] [d=1,x=1024,y=1280,w=512,h=512]",D055,val
"D55_HE [d=5,x=52287,y=25656,w=5343,h=7668] [d=1,x=1024,y=256,w=512,h=512]",D055,val
"D55_HE [d=5,x=52287,y=25656,w=5343,h=7668] [d=1,x=1024,y=512,w=512,h=512]",D055,train
"D55_HE [d=5,x=52287,y=25656,w=5343,h=7668] [d=1,x=1024,y=768,w=512,h=512]",D055,train
"D55_HE [d=5,x=52287,y=25656,w=5343,h=7668] [d=1,x=256,y=0,w=512,h=512]",D055,train
"D55_HE [d=5,x=52287,y=25656,w=5343,h=7668] [d=1,x=256,y=1024,w=512,h=512]",D055,val
"D55_HE [d=5,x=52287,y=25656,w=5343,h=7668] [d=1,x=256,y=1280,w=512,h=512]",D055,train
"D55_HE [d=5,x=52287,y=25656,w=5343,h=7668] [d=1,x=256,y=256,w=512,h=512]",D055,train
"D55_HE [d=5,x=52287,y=25656,w=5343,h=7668] [d=1,x=256,y=512,w=512,h=512]",D055,train
"D55_HE [d=5,x=52287,y=25656,w=5343,h=7668] [d=1,x=256,y=768,w=512,h=512]",D055,train
"D55_HE [d=5,x=52287,y=25656,w=5343,h=7668] [d=1,x=512,y=0,w=512,h=512]",D055,train
"D55_HE [d=5,x=52287,y=25656,w=5343,h=7668] [d=1,x=512,y=1024,w=512,h=512]",D055,train
"D55_HE [d=5,x=52287,y=25656,w=5343,h=7668] [d=1,x=512,y=1280,w=512,h=512]",D055,train
"D55_HE [d=5,x=52287,y=25656,w=5343,h=7668] [d=1,x=512,y=256,w=512,h=512]",D055,train
"D55_HE [d=5,x=52287,y=25656,w=5343,h=7668] [d=1,x=512,y=512,w=512,h=512]",D055,train
"D55_HE [d=5,x=52287,y=25656,w=5343,h=7668] [d=1,x=512,y=768,w=512,h=512]",D055,train
"D55_HE [d=5,x=52287,y=25656,w=5343,h=7668] [d=1,x=768,y=0,w=512,h=512]",D055,train
"D55_HE [d=5,x=52287,y=25656,w=5343,h=7668] [d=1,x=768,y=1024,w=512,h=512]",D055,train
"D55_HE [d=5,x=52287,y=25656,w=5343,h=7668] [d=1,x=768,y=1280,w=512,h=512]",D055,train
"D55_HE [d=5,x=52287,y=25656,w=5343,h=7668] [d=1,x=768,y=256,w=512,h=512]",D055,train
"D55_HE [d=5,x=52287,y=25656,w=5343,h=7668] [d=1,x=768,y=512,w=512,h=512]",D055,val
"D55_HE [d=5,x=52287,y=25656,w=5343,h=7668] [d=1,x=768,y=768,w=512,h=512]",D055,val
"D57_HE [d=5,x=40881,y=10425,w=2573,h=2412] [d=1,x=0,y=0,w=512,h=512]",D057,train
"D57_HE [d=5,x=40881,y=10425,w=2573,h=2412] [d=1,x=0,y=256,w=512,h=512]",D057,train
"D57_HE [d=5,x=40881,y=10425,w=2573,h=2412] [d=1,x=256,y=0,w=512,h=512]",D057,train
"D57_HE [d=5,x=40881,y=10425,w=2573,h=2412] [d=1,x=256,y=256,w=512,h=512]",D057,train
"D57_HE [d=5,x=40881,y=10425,w=2573,h=2412] [d=1,x=512,y=0,w=512,h=512]",D057,val
"D57_HE [d=5,x=40881,y=10425,w=2573,h=2412] [d=1,x=512,y=256,w=512,h=512]",D057,train
"D57_HE [d=5,x=54807,y=31739,w=3340,h=4656] [d=1,x=0,y=0,w=512,h=512]",D057,train
"D57_HE [d=5,x=54807,y=31739,w=3340,h=4656] [d=1,x=0,y=256,w=512,h=512]",D057,train
"D57_HE [d=5,x=54807,y=31739,w=3340,h=4656] [d=1,x=0,y=512,w=512,h=512]",D057,train
"D57_HE [d=5,x=54807,y=31739,w=3340,h=4656] [d=1,x=0,y=768,w=512,h=512]",D057,train
"D57_HE [d=5,x=54807,y=31739,w=3340,h=4656] [d=1,x=256,y=0,w=512,h=512]",D057,train
"D57_HE [d=5,x=54807,y=31739,w=3340,h=4656] [d=1,x=256,y=256,w=512,h=512]",D057,train
"D57_HE [d=5,x=54807,y=31739,w=3340,h=4656] [d=1,x=256,y=512,w=512,h=512]",D057,train
"D57_HE [d=5,x=54807,y=31739,w=3340,h=4656] [d=1,x=256,y=768,w=512,h=512]",D057,train
"D57_HE [d=5,x=54807,y=31739,w=3340,h=4656] [d=1,x=512,y=0,w=512,h=512]",D057,train
"D57_HE [d=5,x=54807,y=31739,w=3340,h=4656] [d=1,x=512,y=256,w=512,h=512]",D057,train
"D57_HE [d=5,x=54807,y=31739,w=3340,h=4656] [d=1,x=512,y=512,w=512,h=512]",D057,train
"D57_HE [d=5,x=54807,y=31739,w=3340,h=4656] [d=1,x=512,y=768,w=512,h=512]",D057,train
"D58_HE [d=5,x=54656,y=14169,w=3583,h=2344] [d=1,x=0,y=0,w=512,h=512]",D058,train
"D58_HE [d=5,x=54656,y=14169,w=3583,h=2344] [d=1,x=0,y=256,w=512,h=512]",D058,train
"D58_HE [d=5,x=54656,y=14169,w=3583,h=2344] [d=1,x=256,y=0,w=512,h=512]",D058,train
"D58_HE [d=5,x=54656,y=14169,w=3583,h=2344] [d=1,x=256,y=256,w=512,h=512]",D058,train
"D58_HE [d=5,x=54656,y=14169,w=3583,h=2344] [d=1,x=512,y=0,w=512,h=512]",D058,train
"D58_HE [d=5,x=54656,y=14169,w=3583,h=2344] [d=1,x=512,y=256,w=512,h=512]",D058,train
"D59_HE [d=5,x=40250,y=8242,w=5000,h=5000] [d=1,x=0,y=0,w=512,h=512]",D059,val
"D59_HE [d=5,x=40250,y=8242,w=5000,h=5000] [d=1,x=0,y=256,w=512,h=512]",D059,train
"D59_HE [d=5,x=40250,y=8242,w=5000,h=5000] [d=1,x=0,y=512,w=512,h=512]",D059,train
"D59_HE [d=5,x=40250,y=8242,w=5000,h=5000] [d=1,x=0,y=768,w=512,h=512]",D059,val
"D59_HE [d=5,x=40250,y=8242,w=5000,h=5000] [d=1,x=256,y=0,w=512,h=512]",D059,train
"D59_HE [d=5,x=40250,y=8242,w=5000,h=5000] [d=1,x=256,y=256,w=512,h=512]",D059,train
"D59_HE [d=5,x=40250,y=8242,w=5000,h=5000] [d=1,x=256,y=512,w=512,h=512]",D059,val
"D59_HE [d=5,x=40250,y=8242,w=5000,h=5000] [d=1,x=256,y=768,w=512,h=512]",D059,train
"D59_HE [d=5,x=40250,y=8242,w=5000,h=5000] [d=1,x=512,y=0,w=512,h=512]",D059,val
"D59_HE [d=5,x=40250,y=8242,w=5000,h=5000] [d=1,x=512,y=256,w=512,h=512]",D059,train
"D59_HE [d=5,x=40250,y=8242,w=5000,h=5000] [d=1,x=512,y=512,w=512,h=512]",D059,train
"D59_HE [d=5,x=40250,y=8242,w=5000,h=5000] [d=1,x=512,y=768,w=512,h=512]",D059,train
"D59_HE [d=5,x=40250,y=8242,w=5000,h=5000] [d=1,x=768,y=0,w=512,h=512]",D059,train
"D59_HE [d=5,x=40250,y=8242,w=5000,h=5000] [d=1,x=768,y=256,w=512,h=512]",D059,train
"D59_HE [d=5,x=40250,y=8242,w=5000,h=5000] [d=1,x=768,y=512,w=512,h=512]",D059,train
"D59_HE [d=5,x=40250,y=8242,w=5000,h=5000] [d=1,x=768,y=768,w=512,h=512]",D059,train
"D59_HE [d=5,x=41007,y=32605,w=3367,h=4221] [d=1,x=0,y=0,w=512,h=512]",D059,val
"D59_HE [d=5,x=41007,y=32605,w=3367,h=4221] [d=1,x=0,y=256,w=512,h=512]",D059,train
"D59_HE [d=5,x=41007,y=32605,w=3367,h=4221] [d=1,x=0,y=512,w=512,h=512]",D059,train
"D59_HE [d=5,x=41007,y=32605,w=3367,h=4221] [d=1,x=0,y=768,w=512,h=512]",D059,train
"D59_HE [d=5,x=41007,y=32605,w=3367,h=4221] [d=1,x=256,y=0,w=512,h=512]",D059,train
"D59_HE [d=5,x=41007,y=32605,w=3367,h=4221] [d=1,x=256,y=256,w=512,h=512]",D059,train
"D59_HE [d=5,x=41007,y=32605,w=3367,h=4221] [d=1,x=256,y=512,w=512,h=512]",D059,train
"D59_HE [d=5,x=41007,y=32605,w=3367,h=4221] [d=1,x=256,y=768,w=512,h=512]",D059,train
"D59_HE [d=5,x=41007,y=32605,w=3367,h=4221] [d=1,x=512,y=0,w=512,h=512]",D059,train
"D59_HE [d=5,x=41007,y=32605,w=3367,h=4221] [d=1,x=512,y=256,w=512,h=512]",D059,train
"D59_HE [d=5,x=41007,y=32605,w=3367,h=4221] [d=1,x=512,y=512,w=512,h=512]",D059,train
"D59_HE [d=5,x=41007,y=32605,w=3367,h=4221] [d=1,x=512,y=768,w=512,h=512]",D059,train
"D60_HE [d=5,x=26138,y=20383,w=2832,h=2309] [d=1,x=0,y=0,w=512,h=512]",D060,train
"D60_HE [d=5,x=26138,y=20383,w=2832,h=2309] [d=1,x=0,y=256,w=512,h=512]",D060,train
"D60_HE [d=5,x=26138,y=20383,w=2832,h=2309] [d=1,x=256,y=0,w=512,h=512]",D060,train
"D60_HE [d=5,x=26138,y=20383,w=2832,h=2309] [d=1,x=256,y=256,w=512,h=512]",D060,train
"D60_HE [d=5,x=26138,y=20383,w=2832,h=2309] [d=1,x=512,y=0,w=512,h=512]",D060,train
"D60_HE [d=5,x=26138,y=20383,w=2832,h=2309] [d=1,x=512,y=256,w=512,h=512]",D060,train
"D60_HE [d=5,x=37674,y=13570,w=5000,h=5000] [d=1,x=0,y=0,w=512,h=512]",D060,train
"D60_HE [d=5,x=37674,y=13570,w=5000,h=5000] [d=1,x=0,y=256,w=512,h=512]",D060,train
"D60_HE [d=5,x=37674,y=13570,w=5000,h=5000] [d=1,x=0,y=512,w=512,h=512]",D060,train
"D60_HE [d=5,x=37674,y=13570,w=5000,h=5000] [d=1,x=0,y=768,w=512,h=512]",D060,val
"D60_HE [d=5,x=37674,y=13570,w=5000,h=5000] [d=1,x=256,y=0,w=512,h=512]",D060,val
"D60_HE [d=5,x=37674,y=13570,w=5000,h=5000] [d=1,x=256,y=256,w=512,h=512]",D060,train
"D60_HE [d=5,x=37674,y=13570,w=5000,h=5000] [d=1,x=256,y=512,w=512,h=512]",D060,val
"D60_HE [d=5,x=37674,y=13570,w=5000,h=5000] [d=1,x=256,y=768,w=512,h=512]",D060,train
"D60_HE [d=5,x=37674,y=13570,w=5000,h=5000] [d=1,x=512,y=0,w=512,h=512]",D060,train
"D60_HE [d=5,x=37674,y=13570,w=5000,h=5000] [d=1,x=512,y=256,w=512,h=512]",D060,val
"D60_HE [d=5,x=37674,y=13570,w=5000,h=5000] [d=1,x=512,y=512,w=512,h=512]",D060,train
"D60_HE [d=5,x=37674,y=13570,w=5000,h=5000] [d=1,x=512,y=768,w=512,h=512]",D060,val
"D60_HE [d=5,x=37674,y=13570,w=5000,h=5000] [d=1,x=768,y=0,w=512,h=512]",D060,train
"D60_HE [d=5,x=37674,y=13570,w=5000,h=5000] [d=1,x=768,y=256,w=512,h=512]",D060,train
"D60_HE [d=5,x=37674,y=13570,w=5000,h=5000] [d=1,x=768,y=512,w=512,h=512]",D060,train
"D60_HE [d=5,x=37674,y=13570,w=5000,h=5000] [d=1,x=768,y=768,w=512,h=512]",D060,train
"D60_HE [d=5,x=37702,y=11821,w=4586,h=5327] [d=1,x=0,y=0,w=512,h=512]",D060,train
"D60_HE [d=5,x=37702,y=11821,w=4586,h=5327] [d=1,x=0,y=1024,w=512,h=512]",D060,train
"D60_HE [d=5,x=37702,y=11821,w=4586,h=5327] [d=1,x=0,y=256,w=512,h=512]",D060,train
"D60_HE [d=5,x=37702,y=11821,w=4586,h=5327] [d=1,x=0,y=512,w=512,h=512]",D060,train
"D60_HE [d=5,x=37702,y=11821,w=4586,h=5327] [d=1,x=0,y=768,w=512,h=512]",D060,train
"D60_HE [d=5,x=37702,y=11821,w=4586,h=5327] [d=1,x=256,y=0,w=512,h=512]",D060,train
"D60_HE [d=5,x=37702,y=11821,w=4586,h=5327] [d=1,x=256,y=1024,w=512,h=512]",D060,train
"D60_HE [d=5,x=37702,y=11821,w=4586,h=5327] [d=1,x=256,y=256,w=512,h=512]",D060,train
"D60_HE [d=5,x=37702,y=11821,w=4586,h=5327] [d=1,x=256,y=512,w=512,h=512]",D060,train
"D60_HE [d=5,x=37702,y=11821,w=4586,h=5327] [d=1,x=256,y=768,w=512,h=512]",D060,train
"D60_HE [d=5,x=37702,y=11821,w=4586,h=5327] [d=1,x=512,y=0,w=512,h=512]",D060,train
"D60_HE [d=5,x=37702,y=11821,w=4586,h=5327] [d=1,x=512,y=1024,w=512,h=512]",D060,train
"D60_HE [d=5,x=37702,y=11821,w=4586,h=5327] [d=1,x=512,y=256,w=512,h=512]",D060,train
"D60_HE [d=5,x=37702,y=11821,w=4586,h=5327] [d=1,x=512,y=512,w=512,h=512]",D060,train
"D60_HE [d=5,x=37702,y=11821,w=4586,h=5327] [d=1,x=512,y=768,w=512,h=512]",D060,train
"D60_HE [d=5,x=37702,y=11821,w=4586,h=5327] [d=1,x=768,y=0,w=512,h=512]",D060,train
"D60_HE [d=5,x=37702,y=11821,w=4586,h=5327] [d=1,x=768,y=1024,w=512,h=512]",D060,train
"D60_HE [d=5,x=37702,y=11821,w=4586,h=5327] [d=1,x=768,y=256,w=512,h=512]",D060,train
"D60_HE [d=5,x=37702,y=11821,w=4586,h=5327] [d=1,x=768,y=512,w=512,h=512]",D060,train
"D60_HE [d=5,x=37702,y=11821,w=4586,h=5327] [d=1,x=768,y=768,w=512,h=512]",D060,train
"D61_HE [d=5,x=13001,y=19174,w=1832,h=3746] [d=1,x=0,y=0,w=512,h=512]",D061,train
"D61_HE [d=5,x=13001,y=19174,w=1832,h=3746] [d=1,x=0,y=256,w=512,h=512]",D061,train
"D61_HE [d=5,x=13001,y=19174,w=1832,h=3746] [d=1,x=0,y=512,w=512,h=512]",D061,val
"D61_HE [d=5,x=13001,y=19174,w=1832,h=3746] [d=1,x=256,y=0,w=512,h=512]",D061,train
"D61_HE [d=5,x=13001,y=19174,w=1832,h=3746] [d=1,x=256,y=256,w=512,h=512]",D061,train
"D61_HE [d=5,x=13001,y=19174,w=1832,h=3746] [d=1,x=256,y=512,w=512,h=512]",D061,val
"D63_HE [d=5,x=23422,y=46989,w=4727,h=4661] [d=1,x=0,y=0,w=512,h=512]",D063,train
"D63_HE [d=5,x=23422,y=46989,w=4727,h=4661] [d=1,x=0,y=256,w=512,h=512]",D063,train
"D63_HE [d=5,x=23422,y=46989,w=4727,h=4661] [d=1,x=0,y=512,w=512,h=512]",D063,val
"D63_HE [d=5,x=23422,y=46989,w=4727,h=4661] [d=1,x=0,y=768,w=512,h=512]",D063,train
"D63_HE [d=5,x=23422,y=46989,w=4727,h=4661] [d=1,x=256,y=0,w=512,h=512]",D063,val
"D63_HE [d=5,x=23422,y=46989,w=4727,h=4661] [d=1,x=256,y=256,w=512,h=512]",D063,train
"D63_HE [d=5,x=23422,y=46989,w=4727,h=4661] [d=1,x=256,y=512,w=512,h=512]",D063,train
"D63_HE [d=5,x=23422,y=46989,w=4727,h=4661] [d=1,x=256,y=768,w=512,h=512]",D063,train
"D63_HE [d=5,x=23422,y=46989,w=4727,h=4661] [d=1,x=512,y=0,w=512,h=512]",D063,train
"D63_HE [d=5,x=23422,y=46989,w=4727,h=4661] [d=1,x=512,y=256,w=512,h=512]",D063,train
"D63_HE [d=5,x=23422,y=46989,w=4727,h=4661] [d=1,x=512,y=512,w=512,h=512]",D063,train
"D63_HE [d=5,x=23422,y=46989,w=4727,h=4661] [d=1,x=512,y=768,w=512,h=512]",D063,train
"D63_HE [d=5,x=23422,y=46989,w=4727,h=4661] [d=1,x=768,y=0,w=512,h=512]",D063,val
"D63_HE [d=5,x=23422,y=46989,w=4727,h=4661] [d=1,x=768,y=256,w=512,h=512]",D063,train
"D63_HE [d=5,x=23422,y=46989,w=4727,h=4661] [d=1,x=768,y=512,w=512,h=512]",D063,train
"D63_HE [d=5,x=23422,y=46989,w=4727,h=4661] [d=1,x=768,y=768,w=512,h=512]",D063,train
"D63_HE [d=5,x=47755,y=51168,w=4255,h=5925] [d=1,x=0,y=0,w=512,h=512]",D063,train
"D63_HE [d=5,x=47755,y=51168,w=4255,h=5925] [d=1,x=0,y=1024,w=512,h=512]",D063,train
"D63_HE [d=5,x=47755,y=51168,w=4255,h=5925] [d=1,x=0,y=256,w=512,h=512]",D063,train
"D63_HE [d=5,x=47755,y=51168,w=4255,h=5925] [d=1,x=0,y=512,w=512,h=512]",D063,train
"D63_HE [d=5,x=47755,y=51168,w=4255,h=5925] [d=1,x=0,y=768,w=512,h=512]",D063,train
"D63_HE [d=5,x=47755,y=51168,w=4255,h=5925] [d=1,x=256,y=0,w=512,h=512]",D063,train
"D63_HE [d=5,x=47755,y=51168,w=4255,h=5925] [d=1,x=256,y=1024,w=512,h=512]",D063,train
"D63_HE [d=5,x=47755,y=51168,w=4255,h=5925] [d=1,x=256,y=256,w=512,h=512]",D063,train
"D63_HE [d=5,x=47755,y=51168,w=4255,h=5925] [d=1,x=256,y=512,w=512,h=512]",D063,train
"D63_HE [d=5,x=47755,y=51168,w=4255,h=5925] [d=1,x=256,y=768,w=512,h=512]",D063,train
"D63_HE [d=5,x=47755,y=51168,w=4255,h=5925] [d=1,x=512,y=0,w=512,h=512]",D063,train
"D63_HE [d=5,x=47755,y=51168,w=4255,h=5925] [d=1,x=512,y=1024,w=512,h=512]",D063,train
"D63_HE [d=5,x=47755,y=51168,w=4255,h=5925] [d=1,x=512,y=256,w=512,h=512]",D063,val
"D63_HE [d=5,x=47755,y=51168,w=4255,h=5925] [d=1,x=512,y=512,w=512,h=512]",D063,train
"D63_HE [d=5,x=47755,y=51168,w=4255,h=5925] [d=1,x=512,y=768,w=512,h=512]",D063,train
"D63_HE [d=5,x=47755,y=51168,w=4255,h=5925] [d=1,x=768,y=0,w=512,h=512]",D063,train
"D63_HE [d=5,x=47755,y=51168,w=4255,h=5925] [d=1,x=768,y=1024,w=512,h=512]",D063,train
"D63_HE [d=5,x=47755,y=51168,w=4255,h=5925] [d=1,x=768,y=256,w=512,h=512]",D063,train
"D63_HE [d=5,x=47755,y=51168,w=4255,h=5925] [d=1,x=768,y=512,w=512,h=512]",D063,train
"D63_HE [d=5,x=47755,y=51168,w=4255,h=5925] [d=1,x=768,y=768,w=512,h=512]",D063,train
"D63_HE [d=5,x=58683,y=37825,w=6310,h=5536] [d=1,x=0,y=0,w=512,h=512]",D063,train
"D63_HE [d=5,x=58683,y=37825,w=6310,h=5536] [d=1,x=0,y=1024,w=512,h=512]",D063,train
"D63_HE [d=5,x=58683,y=37825,w=6310,h=5536] [d=1,x=0,y=256,w=512,h=512]",D063,train
"D63_HE [d=5,x=58683,y=37825,w=6310,h=5536] [d=1,x=0,y=512,w=512,h=512]",D063,train
"D63_HE [d=5,x=58683,y=37825,w=6310,h=5536] [d=1,x=0,y=768,w=512,h=512]",D063,train
"D63_HE [d=5,x=58683,y=37825,w=6310,h=5536] [d=1,x=1024,y=0,w=512,h=512]",D063,train
"D63_HE [d=5,x=58683,y=37825,w=6310,h=5536] [d=1,x=1024,y=1024,w=512,h=512]",D063,train
"D63_HE [d=5,x=58683,y=37825,w=6310,h=5536] [d=1,x=1024,y=256,w=512,h=512]",D063,train
"D63_HE [d=5,x=58683,y=37825,w=6310,h=5536] [d=1,x=1024,y=512,w=512,h=512]",D063,train
"D63_HE [d=5,x=58683,y=37825,w=6310,h=5536] [d=1,x=1024,y=768,w=512,h=512]",D063,train
"D63_HE [d=5,x=58683,y=37825,w=6310,h=5536] [d=1,x=256,y=0,w=512,h=512]",D063,train
"D63_HE [d=5,x=58683,y=37825,w=6310,h=5536] [d=1,x=256,y=1024,w=512,h=512]",D063,train
"D63_HE [d=5,x=58683,y=37825,w=6310,h=5536] [d=1,x=256,y=256,w=512,h=512]",D063,train
"D63_HE [d=5,x=58683,y=37825,w=6310,h=5536] [d=1,x=256,y=512,w=512,h=512]",D063,train
"D63_HE [d=5,x=58683,y=37825,w=6310,h=5536] [d=1,x=256,y=768,w=512,h=512]",D063,train
"D63_HE [d=5,x=58683,y=37825,w=6310,h=5536] [d=1,x=512,y=0,w=512,h=512]",D063,train
"D63_HE [d=5,x=58683,y=37825,w=6310,h=5536] [d=1,x=512,y=1024,w=512,h=512]",D063,train
"D63_HE [d=5,x=58683,y=37825,w=6310,h=5536] [d=1,x=512,y=256,w=512,h=512]",D063,train
"D63_HE [d=5,x=58683,y=37825,w=6310,h=5536] [d=1,x=512,y=512,w=512,h=512]",D063,train
"D63_HE [d=5,x=58683,y=37825,w=6310,h=5536] [d=1,x=512,y=768,w=512,h=512]",D063,train
"D63_HE [d=5,x=58683,y=37825,w=6310,h=5536] [d=1,x=768,y=0,w=512,h=512]",D063,train
"D63_HE [d=5,x=58683,y=37825,w=6310,h=5536] [d=1,x=768,y=1024,w=512,h=512]",D063,val
"D63_HE [d=5,x=58683,y=37825,w=6310,h=5536] [d=1,x=768,y=256,w=512,h=512]",D063,train
"D63_HE [d=5,x=58683,y=37825,w=6310,h=5536] [d=1,x=768,y=512,w=512,h=512]",D063,train
"D63_HE [d=5,x=58683,y=37825,w=6310,h=5536] [d=1,x=768,y=768,w=512,h=512]",D063,train
"D63_HE [d=5,x=60963,y=54133,w=1193,h=1599] [d=1,x=0,y=0,w=512,h=512]",D063,train
"D63_HE [d=5,x=60963,y=54133,w=1193,h=1599] [d=1,x=0,y=256,w=512,h=512]",D063,val
"D63_HE [d=5,x=7307,y=9065,w=8150,h=6623] [d=1,x=0,y=0,w=512,h=512]",D063,train
"D63_HE [d=5,x=7307,y=9065,w=8150,h=6623] [d=1,x=0,y=1024,w=512,h=512]",D063,train
"D63_HE [d=5,x=7307,y=9065,w=8150,h=6623] [d=1,x=0,y=1280,w=512,h=512]",D063,val
"D63_HE [d=5,x=7307,y=9065,w=8150,h=6623] [d=1,x=0,y=256,w=512,h=512]",D063,train
"D63_HE [d=5,x=7307,y=9065,w=8150,h=6623] [d=1,x=0,y=512,w=512,h=512]",D063,train
"D63_HE [d=5,x=7307,y=9065,w=8150,h=6623] [d=1,x=0,y=768,w=512,h=512]",D063,val
"D63_HE [d=5,x=7307,y=9065,w=8150,h=6623] [d=1,x=1024,y=0,w=512,h=512]",D063,train
"D63_HE [d=5,x=7307,y=9065,w=8150,h=6623] [d=1,x=1024,y=1024,w=512,h=512]",D063,train
"D63_HE [d=5,x=7307,y=9065,w=8150,h=6623] [d=1,x=1024,y=1280,w=512,h=512]",D063,train
"D63_HE [d=5,x=7307,y=9065,w=8150,h=6623] [d=1,x=1024,y=256,w=512,h=512]",D063,train
"D63_HE [d=5,x=7307,y=9065,w=8150,h=6623] [d=1,x=1024,y=512,w=512,h=512]",D063,train
"D63_HE [d=5,x=7307,y=9065,w=8150,h=6623] [d=1,x=1024,y=768,w=512,h=512]",D063,train
"D63_HE [d=5,x=7307,y=9065,w=8150,h=6623] [d=1,x=1280,y=0,w=512,h=512]",D063,train
"D63_HE [d=5,x=7307,y=9065,w=8150,h=6623] [d=1,x=1280,y=1024,w=512,h=512]",D063,train
"D63_HE [d=5,x=7307,y=9065,w=8150,h=6623] [d=1,x=1280,y=1280,w=512,h=512]",D063,val
"D63_HE [d=5,x=7307,y=9065,w=8150,h=6623] [d=1,x=1280,y=256,w=512,h=512]",D063,train
"D63_HE [d=5,x=7307,y=9065,w=8150,h=6623] [d=1,x=1280,y=512,w=512,h=512]",D063,train
"D63_HE [d=5,x=7307,y=9065,w=8150,h=6623] [d=1,x=1280,y=768,w=512,h=512]",D063,val
"D63_HE [d=5,x=7307,y=9065,w=8150,h=6623] [d=1,x=1536,y=0,w=512,h=512]",D063,train
"D63_HE [d=5,x=7307,y=9065,w=8150,h=6623] [d=1,x=1536,y=1024,w=512,h=512]",D063,train
"D63_HE [d=5,x=7307,y=9065,w=8150,h=6623] [d=1,x=1536,y=1280,w=512,h=512]",D063,train
"D63_HE [d=5,x=7307,y=9065,w=8150,h=6623] [d=1,x=1536,y=256,w=512,h=512]",D063,train
"D63_HE [d=5,x=7307,y=9065,w=8150,h=6623] [d=1,x=1536,y=512,w=512,h=512]",D063,train
"D63_HE [d=5,x=7307,y=9065,w=8150,h=6623] [d=1,x=1536,y=768,w=512,h=512]",D063,train
"D63_HE [d=5,x=7307,y=9065,w=8150,h=6623] [d=1,x=256,y=0,w=512,h=512]",D063,train
"D63_HE [d=5,x=7307,y=9065,w=8150,h=6623] [d=1,x=256,y=1024,w=512,h=512]",D063,train
"D63_HE [d=5,x=7307,y=9065,w=8150,h=6623] [d=1,x=256,y=1280,w=512,h=512]",D063,train
"D63_HE [d=5,x=7307,y=9065,w=8150,h=6623] [d=1,x=256,y=256,w=512,h=512]",D063,train
"D63_HE [d=5,x=7307,y=9065,w=8150,h=6623] [d=1,x=256,y=512,w=512,h=512]",D063,train
"D63_HE [d=5,x=7307,y=9065,w=8150,h=6623] [d=1,x=256,y=768,w=512,h=512]",D063,train
"D63_HE [d=5,x=7307,y=9065,w=8150,h=6623] [d=1,x=512,y=0,w=512,h=512]",D063,train
"D63_HE [d=5,x=7307,y=9065,w=8150,h=6623] [d=1,x=512,y=1024,w=512,h=512]",D063,train
"D63_HE [d=5,x=7307,y=9065,w=8150,h=6623] [d=1,x=512,y=1280,w=512,h=512]",D063,val
"D63_HE [d=5,x=7307,y=9065,w=8150,h=6623] [d=1,x=512,y=256,w=512,h=512]",D063,train
"D63_HE [d=5,x=7307,y=9065,w=8150,h=6623] [d=1,x=512,y=512,w=512,h=512]",D063,train
"D63_HE [d=5,x=7307,y=9065,w=8150,h=6623] [d=1,x=512,y=768,w=512,h=512]",D063,train
"D63_HE [d=5,x=7307,y=9065,w=8150,h=6623] [d=1,x=768,y=0,w=512,h=512]",D063,train
"D63_HE [d=5,x=7307,y=9065,w=8150,h=6623] [d=1,x=768,y=1024,w=512,h=512]",D063,train
"D63_HE [d=5,x=7307,y=9065,w=8150,h=6623] [d=1,x=768,y=1280,w=512,h=512]",D063,train
"D63_HE [d=5,x=7307,y=9065,w=8150,h=6623] [d=1,x=768,y=256,w=512,h=512]",D063,train
"D63_HE [d=5,x=7307,y=9065,w=8150,h=6623] [d=1,x=768,y=512,w=512,h=512]",D063,train
"D63_HE [d=5,x=7307,y=9065,w=8150,h=6623] [d=1,x=768,y=768,w=512,h=512]",D063,val
"D64_HE [d=5,x=80458,y=35634,w=5000,h=5000] [d=1,x=0,y=0,w=512,h=512]",D064,train
"D64_HE [d=5,x=80458,y=35634,w=5000,h=5000] [d=1,x=0,y=256,w=512,h=512]",D064,train
"D64_HE [d=5,x=80458,y=35634,w=5000,h=5000] [d=1,x=0,y=512,w=512,h=512]",D064,train
"D64_HE [d=5,x=80458,y=35634,w=5000,h=5000] [d=1,x=0,y=768,w=512,h=512]",D064,train
"D64_HE [d=5,x=80458,y=35634,w=5000,h=5000] [d=1,x=256,y=0,w=512,h=512]",D064,val
"D64_HE [d=5,x=80458,y=35634,w=5000,h=5000] [d=1,x=256,y=256,w=512,h=512]",D064,train
"D64_HE [d=5,x=80458,y=35634,w=5000,h=5000] [d=1,x=256,y=512,w=512,h=512]",D064,train
"D64_HE [d=5,x=80458,y=35634,w=5000,h=5000] [d=1,x=256,y=768,w=512,h=512]",D064,train
"D64_HE [d=5,x=80458,y=35634,w=5000,h=5000] [d=1,x=512,y=0,w=512,h=512]",D064,val
"D64_HE [d=5,x=80458,y=35634,w=5000,h=5000] [d=1,x=512,y=256,w=512,h=512]",D064,train
"D64_HE [d=5,x=80458,y=35634,w=5000,h=5000] [d=1,x=512,y=512,w=512,h=512]",D064,train
"D64_HE [d=5,x=80458,y=35634,w=5000,h=5000] [d=1,x=512,y=768,w=512,h=512]",D064,train
"D64_HE [d=5,x=80458,y=35634,w=5000,h=5000] [d=1,x=768,y=0,w=512,h=512]",D064,train
"D64_HE [d=5,x=80458,y=35634,w=5000,h=5000] [d=1,x=768,y=256,w=512,h=512]",D064,train
"D64_HE [d=5,x=80458,y=35634,w=5000,h=5000] [d=1,x=768,y=512,w=512,h=512]",D064,val
"D64_HE [d=5,x=80458,y=35634,w=5000,h=5000] [d=1,x=768,y=768,w=512,h=512]",D064,train
"D65_HE [d=5,x=10285,y=11549,w=1532,h=1768] [d=1,x=0,y=0,w=512,h=512]",D065,train
"D65_HE [d=5,x=10285,y=11549,w=1532,h=1768] [d=1,x=0,y=256,w=512,h=512]",D065,train
"D65_HE [d=5,x=10285,y=11549,w=1532,h=1768] [d=1,x=256,y=0,w=512,h=512]",D065,train
"D65_HE [d=5,x=10285,y=11549,w=1532,h=1768] [d=1,x=256,y=256,w=512,h=512]",D065,train
"D65_HE [d=5,x=25092,y=16711,w=1214,h=1815] [d=1,x=0,y=0,w=512,h=512]",D065,train
"D65_HE [d=5,x=25092,y=16711,w=1214,h=1815] [d=1,x=0,y=256,w=512,h=512]",D065,train
"D66_HE [d=5,x=49242,y=20362,w=5000,h=5000] [d=1,x=0,y=0,w=512,h=512]",D066,train
"D66_HE [d=5,x=49242,y=20362,w=5000,h=5000] [d=1,x=0,y=256,w=512,h=512]",D066,train
"D66_HE [d=5,x=49242,y=20362,w=5000,h=5000] [d=1,x=0,y=512,w=512,h=512]",D066,train
"D66_HE [d=5,x=49242,y=20362,w=5000,h=5000] [d=1,x=0,y=768,w=512,h=512]",D066,train
"D66_HE [d=5,x=49242,y=20362,w=5000,h=5000] [d=1,x=256,y=0,w=512,h=512]",D066,train
"D66_HE [d=5,x=49242,y=20362,w=5000,h=5000] [d=1,x=256,y=256,w=512,h=512]",D066,val
"D66_HE [d=5,x=49242,y=20362,w=5000,h=5000] [d=1,x=256,y=512,w=512,h=512]",D066,train
"D66_HE [d=5,x=49242,y=20362,w=5000,h=5000] [d=1,x=256,y=768,w=512,h=512]",D066,train
"D66_HE [d=5,x=49242,y=20362,w=5000,h=5000] [d=1,x=512,y=0,w=512,h=512]",D066,train
"D66_HE [d=5,x=49242,y=20362,w=5000,h=5000] [d=1,x=512,y=256,w=512,h=512]",D066,train
"D66_HE [d=5,x=49242,y=20362,w=5000,h=5000] [d=1,x=512,y=512,w=512,h=512]",D066,train
"D66_HE [d=5,x=49242,y=20362,w=5000,h=5000] [d=1,x=512,y=768,w=512,h=512]",D066,val
"D66_HE [d=5,x=49242,y=20362,w=5000,h=5000] [d=1,x=768,y=0,w=512,h=512]",D066,train
"D66_HE [d=5,x=49242,y=20362,w=5000,h=5000] [d=1,x=768,y=256,w=512,h=512]",D066,train
"D66_HE [d=5,x=49242,y=20362,w=5000,h=5000] [d=1,x=768,y=512,w=512,h=512]",D066,val
"D66_HE [d=5,x=49242,y=20362,w=5000,h=5000] [d=1,x=768,y=768,w=512,h=512]",D066,train
"D67_HE [d=5,x=14096,y=20536,w=1413,h=1518] [d=1,x=0,y=0,w=512,h=512]",D067,train
"D67_HE [d=5,x=14096,y=20536,w=1413,h=1518] [d=1,x=0,y=256,w=512,h=512]",D067,val
"D67_HE [d=5,x=14096,y=20536,w=1413,h=1518] [d=1,x=256,y=0,w=512,h=512]",D067,train
"D67_HE [d=5,x=14096,y=20536,w=1413,h=1518] [d=1,x=256,y=256,w=512,h=512]",D067,train
"D68_HE [d=5,x=43097,y=36495,w=737,h=1427] [d=1,x=0,y=0,w=512,h=512]",D068,train
"D68_HE [d=5,x=43097,y=36495,w=737,h=1427] [d=1,x=0,y=256,w=512,h=512]",D068,train
"D68_HE [d=5,x=45094,y=23419,w=1361,h=1465] [d=1,x=0,y=0,w=512,h=512]",D068,train
"D68_HE [d=5,x=45094,y=23419,w=1361,h=1465] [d=1,x=0,y=256,w=512,h=512]",D068,train
"D68_HE [d=5,x=45094,y=23419,w=1361,h=1465] [d=1,x=256,y=0,w=512,h=512]",D068,val
"D68_HE [d=5,x=45094,y=23419,w=1361,h=1465] [d=1,x=256,y=256,w=512,h=512]",D068,train
